data_corte,serie,feira,categoria,posicao_na_janela,defasagem,data_venda_historica,demanda_observada,utilizada_na_previsao
2026-09-06,QUA | Comum,QUA,Comum,1,3,2026-08-19,444.0,1
2026-09-06,QUA | Comum,QUA,Comum,2,2,2026-08-26,357.0,1
2026-09-06,QUA | Comum,QUA,Comum,3,1,2026-09-02,464.0,1
2026-09-06,QUA | Doce,QUA,Doce,1,3,2026-08-19,32.0,1
2026-09-06,QUA | Doce,QUA,Doce,2,2,2026-08-26,24.0,1
2026-09-06,QUA | Doce,QUA,Doce,3,1,2026-09-02,27.0,1
2026-09-06,QUA | Especial,QUA,Especial,1,3,2026-08-19,12.0,1
2026-09-06,QUA | Especial,QUA,Especial,2,2,2026-08-26,16.0,1
2026-09-06,QUA | Especial,QUA,Especial,3,1,2026-09-02,19.0,1
2026-09-06,QUI | Comum,QUI,Comum,1,3,2026-08-20,654.0,1
2026-09-06,QUI | Comum,QUI,Comum,2,2,2026-08-27,620.0,1
2026-09-06,QUI | Comum,QUI,Comum,3,1,2026-09-03,805.0,1
2026-09-06,QUI | Doce,QUI,Doce,1,3,2026-08-20,11.0,1
2026-09-06,QUI | Doce,QUI,Doce,2,2,2026-08-27,9.0,1
2026-09-06,QUI | Doce,QUI,Doce,3,1,2026-09-03,10.0,1
2026-09-06,QUI | Especial,QUI,Especial,1,3,2026-08-20,45.0,1
2026-09-06,QUI | Especial,QUI,Especial,2,2,2026-08-27,44.0,1
2026-09-06,QUI | Especial,QUI,Especial,3,1,2026-09-03,43.0,1
2026-09-06,SAB_C | Comum,SAB_C,Comum,1,3,2026-08-22,671.0,1
2026-09-06,SAB_C | Comum,SAB_C,Comum,2,2,2026-08-29,721.0,1
2026-09-06,SAB_C | Comum,SAB_C,Comum,3,1,2026-09-05,473.0,1
2026-09-06,SAB_C | Doce,SAB_C,Doce,1,3,2026-08-22,11.0,1
2026-09-06,SAB_C | Doce,SAB_C,Doce,2,2,2026-08-29,11.0,1
2026-09-06,SAB_C | Doce,SAB_C,Doce,3,1,2026-09-05,11.0,1
2026-09-06,SAB_C | Especial,SAB_C,Especial,1,3,2026-08-22,32.0,1
2026-09-06,SAB_C | Especial,SAB_C,Especial,2,2,2026-08-29,39.0,1
2026-09-06,SAB_C | Especial,SAB_C,Especial,3,1,2026-09-05,33.0,1
2026-09-06,SAB_E | Comum,SAB_E,Comum,1,3,2026-08-22,825.0,1
2026-09-06,SAB_E | Comum,SAB_E,Comum,2,2,2026-08-29,719.0,1
2026-09-06,SAB_E | Comum,SAB_E,Comum,3,1,2026-09-05,530.0,1
2026-09-06,SAB_E | Doce,SAB_E,Doce,1,3,2026-08-22,11.0,1
2026-09-06,SAB_E | Doce,SAB_E,Doce,2,2,2026-08-29,12.0,1
2026-09-06,SAB_E | Doce,SAB_E,Doce,3,1,2026-09-05,14.0,1
2026-09-06,SAB_E | Especial,SAB_E,Especial,1,3,2026-08-22,34.0,1
2026-09-06,SAB_E | Especial,SAB_E,Especial,2,2,2026-08-29,39.0,1
2026-09-06,SAB_E | Especial,SAB_E,Especial,3,1,2026-09-05,30.0,1
2026-09-06,DOM_C | Comum,DOM_C,Comum,1,3,2026-08-23,1049.0,1
2026-09-06,DOM_C | Comum,DOM_C,Comum,2,2,2026-08-30,1015.0,1
2026-09-06,DOM_C | Comum,DOM_C,Comum,3,1,2026-09-06,913.0,1
2026-09-06,DOM_C | Doce,DOM_C,Doce,1,3,2026-08-23,8.0,1
2026-09-06,DOM_C | Doce,DOM_C,Doce,2,2,2026-08-30,11.0,1
2026-09-06,DOM_C | Doce,DOM_C,Doce,3,1,2026-09-06,11.0,1
2026-09-06,DOM_C | Especial,DOM_C,Especial,1,3,2026-08-23,67.0,1
2026-09-06,DOM_C | Especial,DOM_C,Especial,2,2,2026-08-30,62.0,1
2026-09-06,DOM_C | Especial,DOM_C,Especial,3,1,2026-09-06,50.0,1
2026-09-06,DOM_E | Comum,DOM_E,Comum,1,3,2026-08-23,660.0,1
2026-09-06,DOM_E | Comum,DOM_E,Comum,2,2,2026-08-30,611.0,1
2026-09-06,DOM_E | Comum,DOM_E,Comum,3,1,2026-09-06,558.0,1
2026-09-06,DOM_E | Doce,DOM_E,Doce,1,3,2026-08-23,5.0,1
2026-09-06,DOM_E | Doce,DOM_E,Doce,2,2,2026-08-30,6.0,1
2026-09-06,DOM_E | Doce,DOM_E,Doce,3,1,2026-09-06,6.0,1
2026-09-06,DOM_E | Especial,DOM_E,Especial,1,3,2026-08-23,36.0,1
2026-09-06,DOM_E | Especial,DOM_E,Especial,2,2,2026-08-30,36.0,1
2026-09-06,DOM_E | Especial,DOM_E,Especial,3,1,2026-09-06,28.0,1
