data_corte,data_producao_prevista,data_venda_prevista,serie,feira,categoria,modelo,nome_modelo,janela_historica,quantidade_observacoes_historicas,data_historico_3,demanda_historico_3,data_historico_2,demanda_historico_2,data_historico_1,demanda_historico_1,previsao_bruta,previsao_operacional,metodo_arredondamento,status
2026-09-06,2026-09-08,2026-09-09,QUA | Comum,QUA,Comum,media_movel_3,Média móvel (3 ocorrências),3,15,2026-08-19,444.0,2026-08-26,357.0,2026-09-02,464.0,421.6666666666667,422,inteiro mais próximo; meio para cima,previsão de demanda; não é recomendação de produção
2026-09-06,2026-09-08,2026-09-09,QUA | Doce,QUA,Doce,media_movel_3,Média móvel (3 ocorrências),3,15,2026-08-19,32.0,2026-08-26,24.0,2026-09-02,27.0,27.666666666666668,28,inteiro mais próximo; meio para cima,previsão de demanda; não é recomendação de produção
2026-09-06,2026-09-08,2026-09-09,QUA | Especial,QUA,Especial,media_movel_3,Média móvel (3 ocorrências),3,15,2026-08-19,12.0,2026-08-26,16.0,2026-09-02,19.0,15.666666666666666,16,inteiro mais próximo; meio para cima,previsão de demanda; não é recomendação de produção
2026-09-06,2026-09-09,2026-09-10,QUI | Comum,QUI,Comum,media_movel_3,Média móvel (3 ocorrências),3,15,2026-08-20,654.0,2026-08-27,620.0,2026-09-03,805.0,693.0,693,inteiro mais próximo; meio para cima,previsão de demanda; não é recomendação de produção
2026-09-06,2026-09-09,2026-09-10,QUI | Doce,QUI,Doce,media_movel_3,Média móvel (3 ocorrências),3,15,2026-08-20,11.0,2026-08-27,9.0,2026-09-03,10.0,10.0,10,inteiro mais próximo; meio para cima,previsão de demanda; não é recomendação de produção
2026-09-06,2026-09-09,2026-09-10,QUI | Especial,QUI,Especial,media_movel_3,Média móvel (3 ocorrências),3,15,2026-08-20,45.0,2026-08-27,44.0,2026-09-03,43.0,44.0,44,inteiro mais próximo; meio para cima,previsão de demanda; não é recomendação de produção
2026-09-06,2026-09-11,2026-09-12,SAB_C | Comum,SAB_C,Comum,media_movel_3,Média móvel (3 ocorrências),3,15,2026-08-22,671.0,2026-08-29,721.0,2026-09-05,473.0,621.6666666666666,622,inteiro mais próximo; meio para cima,previsão de demanda; não é recomendação de produção
2026-09-06,2026-09-11,2026-09-12,SAB_C | Doce,SAB_C,Doce,media_movel_3,Média móvel (3 ocorrências),3,15,2026-08-22,11.0,2026-08-29,11.0,2026-09-05,11.0,11.0,11,inteiro mais próximo; meio para cima,previsão de demanda; não é recomendação de produção
2026-09-06,2026-09-11,2026-09-12,SAB_C | Especial,SAB_C,Especial,media_movel_3,Média móvel (3 ocorrências),3,15,2026-08-22,32.0,2026-08-29,39.0,2026-09-05,33.0,34.666666666666664,35,inteiro mais próximo; meio para cima,previsão de demanda; não é recomendação de produção
2026-09-06,2026-09-11,2026-09-12,SAB_E | Comum,SAB_E,Comum,media_movel_3,Média móvel (3 ocorrências),3,15,2026-08-22,825.0,2026-08-29,719.0,2026-09-05,530.0,691.3333333333334,691,inteiro mais próximo; meio para cima,previsão de demanda; não é recomendação de produção
2026-09-06,2026-09-11,2026-09-12,SAB_E | Doce,SAB_E,Doce,media_movel_3,Média móvel (3 ocorrências),3,15,2026-08-22,11.0,2026-08-29,12.0,2026-09-05,14.0,12.333333333333334,12,inteiro mais próximo; meio para cima,previsão de demanda; não é recomendação de produção
2026-09-06,2026-09-11,2026-09-12,SAB_E | Especial,SAB_E,Especial,media_movel_3,Média móvel (3 ocorrências),3,15,2026-08-22,34.0,2026-08-29,39.0,2026-09-05,30.0,34.333333333333336,34,inteiro mais próximo; meio para cima,previsão de demanda; não é recomendação de produção
2026-09-06,2026-09-12,2026-09-13,DOM_C | Comum,DOM_C,Comum,media_movel_3,Média móvel (3 ocorrências),3,15,2026-08-23,1049.0,2026-08-30,1015.0,2026-09-06,913.0,992.3333333333334,992,inteiro mais próximo; meio para cima,previsão de demanda; não é recomendação de produção
2026-09-06,2026-09-12,2026-09-13,DOM_C | Doce,DOM_C,Doce,media_movel_3,Média móvel (3 ocorrências),3,15,2026-08-23,8.0,2026-08-30,11.0,2026-09-06,11.0,10.0,10,inteiro mais próximo; meio para cima,previsão de demanda; não é recomendação de produção
2026-09-06,2026-09-12,2026-09-13,DOM_C | Especial,DOM_C,Especial,media_movel_3,Média móvel (3 ocorrências),3,15,2026-08-23,67.0,2026-08-30,62.0,2026-09-06,50.0,59.666666666666664,60,inteiro mais próximo; meio para cima,previsão de demanda; não é recomendação de produção
2026-09-06,2026-09-12,2026-09-13,DOM_E | Comum,DOM_E,Comum,media_movel_3,Média móvel (3 ocorrências),3,15,2026-08-23,660.0,2026-08-30,611.0,2026-09-06,558.0,609.6666666666666,610,inteiro mais próximo; meio para cima,previsão de demanda; não é recomendação de produção
2026-09-06,2026-09-12,2026-09-13,DOM_E | Doce,DOM_E,Doce,media_movel_3,Média móvel (3 ocorrências),3,15,2026-08-23,5.0,2026-08-30,6.0,2026-09-06,6.0,5.666666666666667,6,inteiro mais próximo; meio para cima,previsão de demanda; não é recomendação de produção
2026-09-06,2026-09-12,2026-09-13,DOM_E | Especial,DOM_E,Especial,media_movel_3,Média móvel (3 ocorrências),3,15,2026-08-23,36.0,2026-08-30,36.0,2026-09-06,28.0,33.333333333333336,33,inteiro mais próximo; meio para cima,previsão de demanda; não é recomendação de produção
