data_corte,data_producao_prevista,data_venda_prevista,feira,categoria,previsao_categoria,modelo_previsao_categoria,nome_modelo_previsao_categoria,id_produto,produto,vendas_historicas_produto,observacoes_historicas_produto,primeira_data_historica,ultima_data_historica,produto_permitido,motivo_restricao,vendas_historicas_categoria,quantidade_produtos_permitidos_categoria,proporcao_historica,metodo_proporcao,participacao_percentual,serie_produto,alocacao_bruta,alocacao_piso,parte_decimal,ajuste_maior_resto,ordem_prioridade_arredondamento,previsao_produto
2026-09-20,2026-09-22,2026-09-23,QUA,Comum,418,media_movel_4,Média móvel (4 ocorrências),1,Carne,803.0,17,2026-05-27,2026-09-16,1,,7016.0,19,0.11445267958950969,participacao_historica_de_vendas,11.44526795895097,QUA | 1 - Carne,47.841220068415055,47,0.8412200684150548,1,5,48
2026-09-20,2026-09-22,2026-09-23,QUA,Comum,418,media_movel_4,Média móvel (4 ocorrências),2,Carne com queijo,934.0,17,2026-05-27,2026-09-16,1,,7016.0,19,0.13312428734321552,participacao_historica_de_vendas,13.312428734321552,QUA | 2 - Carne com queijo,55.64595210946409,55,0.6459521094640905,1,10,56
2026-09-20,2026-09-22,2026-09-23,QUA,Comum,418,media_movel_4,Média móvel (4 ocorrências),3,Carne com ovo,205.0,17,2026-05-27,2026-09-16,1,,7016.0,19,0.029218928164196124,participacao_historica_de_vendas,2.9218928164196125,QUA | 3 - Carne com ovo,12.21351197263398,12,0.21351197263397914,0,18,12
2026-09-20,2026-09-22,2026-09-23,QUA,Comum,418,media_movel_4,Média móvel (4 ocorrências),4,Carne seca,402.0,17,2026-05-27,2026-09-16,1,,7016.0,19,0.0572976054732041,participacao_historica_de_vendas,5.72976054732041,QUA | 4 - Carne seca,23.950399087799315,23,0.9503990877993154,1,2,24
2026-09-20,2026-09-22,2026-09-23,QUA,Comum,418,media_movel_4,Média móvel (4 ocorrências),5,Frango,43.0,17,2026-05-27,2026-09-16,1,,7016.0,19,0.00612884834663626,participacao_historica_de_vendas,0.612884834663626,QUA | 5 - Frango,2.5618586088939566,2,0.5618586088939566,0,14,2
2026-09-20,2026-09-22,2026-09-23,QUA,Comum,418,media_movel_4,Média móvel (4 ocorrências),6,Frango catupiri,1123.0,17,2026-05-27,2026-09-16,1,,7016.0,19,0.16006271379703535,participacao_historica_de_vendas,16.006271379703534,QUA | 6 - Frango catupiri,66.90621436716077,66,0.9062143671607714,1,3,67
2026-09-20,2026-09-22,2026-09-23,QUA,Comum,418,media_movel_4,Média móvel (4 ocorrências),7,Queijo,655.0,17,2026-05-27,2026-09-16,1,,7016.0,19,0.09335803876852908,participacao_historica_de_vendas,9.335803876852907,QUA | 7 - Queijo,39.02366020524516,39,0.02366020524515733,0,19,39
2026-09-20,2026-09-22,2026-09-23,QUA,Comum,418,media_movel_4,Média móvel (4 ocorrências),8,Pizza,644.0,17,2026-05-27,2026-09-16,1,,7016.0,19,0.09179019384264538,participacao_historica_de_vendas,9.179019384264537,QUA | 8 - Pizza,38.368301026225765,38,0.3683010262257653,0,16,38
2026-09-20,2026-09-22,2026-09-23,QUA,Comum,418,media_movel_4,Média móvel (4 ocorrências),9,Bauru,215.0,17,2026-05-27,2026-09-16,1,,7016.0,19,0.0306442417331813,participacao_historica_de_vendas,3.06442417331813,QUA | 9 - Bauru,12.809293044469783,12,0.8092930444697828,1,7,13
2026-09-20,2026-09-22,2026-09-23,QUA,Comum,418,media_movel_4,Média móvel (4 ocorrências),10,4 queijos,233.0,17,2026-05-27,2026-09-16,1,,7016.0,19,0.03320980615735462,participacao_historica_de_vendas,3.3209806157354618,QUA | 10 - 4 queijos,13.88169897377423,13,0.8816989737742293,1,4,14
2026-09-20,2026-09-22,2026-09-23,QUA,Comum,418,media_movel_4,Média móvel (4 ocorrências),11,Calabresa com queijo,264.0,17,2026-05-27,2026-09-16,1,,7016.0,19,0.037628278221208664,participacao_historica_de_vendas,3.762827822120866,QUA | 11 - Calabresa com queijo,15.728620296465222,15,0.7286202964652215,1,9,16
2026-09-20,2026-09-22,2026-09-23,QUA,Comum,418,media_movel_4,Média móvel (4 ocorrências),12,Calabresa com catupiri,144.0,17,2026-05-27,2026-09-16,1,,7016.0,19,0.020524515393386546,participacao_historica_de_vendas,2.0524515393386547,QUA | 12 - Calabresa com catupiri,8.579247434435576,8,0.579247434435576,0,13,8
2026-09-20,2026-09-22,2026-09-23,QUA,Comum,418,media_movel_4,Média móvel (4 ocorrências),13,Salame,98.0,17,2026-05-27,2026-09-16,1,,7016.0,19,0.013968072976054732,participacao_historica_de_vendas,1.396807297605473,QUA | 13 - Salame,5.8386545039908775,5,0.8386545039908775,1,6,6
2026-09-20,2026-09-22,2026-09-23,QUA,Comum,418,media_movel_4,Média móvel (4 ocorrências),14,Escarola com bacon,111.0,17,2026-05-27,2026-09-16,1,,7016.0,19,0.01582098061573546,participacao_historica_de_vendas,1.582098061573546,QUA | 14 - Escarola com bacon,6.613169897377423,6,0.6131698973774231,1,11,7
2026-09-20,2026-09-22,2026-09-23,QUA,Comum,418,media_movel_4,Média móvel (4 ocorrências),15,Escarola sem bacon,27.0,17,2026-05-27,2026-09-16,1,,7016.0,19,0.0038483466362599773,participacao_historica_de_vendas,0.3848346636259977,QUA | 15 - Escarola sem bacon,1.6086088939566705,1,0.6086088939566705,1,12,2
2026-09-20,2026-09-22,2026-09-23,QUA,Comum,418,media_movel_4,Média móvel (4 ocorrências),16,Caipira,274.0,17,2026-05-27,2026-09-16,1,,7016.0,19,0.03905359179019384,participacao_historica_de_vendas,3.905359179019384,QUA | 16 - Caipira,16.324401368301025,16,0.3244013683010252,0,17,16
2026-09-20,2026-09-22,2026-09-23,QUA,Comum,418,media_movel_4,Média móvel (4 ocorrências),17,Palmito,208.0,17,2026-05-27,2026-09-16,1,,7016.0,19,0.029646522234891677,participacao_historica_de_vendas,2.9646522234891677,QUA | 17 - Palmito,12.392246294184721,12,0.3922462941847211,0,15,12
2026-09-20,2026-09-22,2026-09-23,QUA,Comum,418,media_movel_4,Média móvel (4 ocorrências),18,Camarão,432.0,17,2026-05-27,2026-09-16,1,,7016.0,19,0.06157354618015964,participacao_historica_de_vendas,6.1573546180159635,QUA | 18 - Camarão,25.737742303306728,25,0.7377423033067281,1,8,26
2026-09-20,2026-09-22,2026-09-23,QUA,Comum,418,media_movel_4,Média móvel (4 ocorrências),19,Portuguesa,201.0,17,2026-05-27,2026-09-16,1,,7016.0,19,0.02864880273660205,participacao_historica_de_vendas,2.864880273660205,QUA | 19 - Portuguesa,11.975199543899658,11,0.9751995438996577,1,1,12
2026-09-20,2026-09-22,2026-09-23,QUA,Doce,30,media_movel_4,Média móvel (4 ocorrências),25,Chocolate,411.0,17,2026-05-27,2026-09-16,1,,484.0,3,0.8491735537190083,participacao_historica_de_vendas,84.91735537190083,QUA | 25 - Chocolate,25.475206611570247,25,0.4752066115702469,0,3,25
2026-09-20,2026-09-22,2026-09-23,QUA,Doce,30,media_movel_4,Média móvel (4 ocorrências),26,Banana com chocolate,43.0,17,2026-05-27,2026-09-16,1,,484.0,3,0.08884297520661157,participacao_historica_de_vendas,8.884297520661157,QUA | 26 - Banana com chocolate,2.665289256198347,2,0.665289256198347,1,2,3
2026-09-20,2026-09-22,2026-09-23,QUA,Doce,30,media_movel_4,Média móvel (4 ocorrências),27,Banana com doce de leite,30.0,17,2026-05-27,2026-09-16,1,,484.0,3,0.06198347107438017,participacao_historica_de_vendas,6.198347107438017,QUA | 27 - Banana com doce de leite,1.859504132231405,1,0.859504132231405,1,1,2
2026-09-20,2026-09-22,2026-09-23,QUA,Especial,19,media_movel_4,Média móvel (4 ocorrências),20,Especial de carne,132.0,17,2026-05-27,2026-09-16,1,,275.0,5,0.48,participacao_historica_de_vendas,48.0,QUA | 20 - Especial de carne,9.12,9,0.11999999999999922,0,4,9
2026-09-20,2026-09-22,2026-09-23,QUA,Especial,19,media_movel_4,Média móvel (4 ocorrências),21,Especial de frango,58.0,17,2026-05-27,2026-09-16,1,,275.0,5,0.2109090909090909,participacao_historica_de_vendas,21.09090909090909,QUA | 21 - Especial de frango,4.007272727272727,4,0.0072727272727268755,0,5,4
2026-09-20,2026-09-22,2026-09-23,QUA,Especial,19,media_movel_4,Média móvel (4 ocorrências),22,Especial de calabresa,25.0,17,2026-05-27,2026-09-16,1,,275.0,5,0.09090909090909091,participacao_historica_de_vendas,9.090909090909092,QUA | 22 - Especial de calabresa,1.7272727272727273,1,0.7272727272727273,1,2,2
2026-09-20,2026-09-22,2026-09-23,QUA,Especial,19,media_movel_4,Média móvel (4 ocorrências),23,Especial de pizza,32.0,17,2026-05-27,2026-09-16,1,,275.0,5,0.11636363636363636,participacao_historica_de_vendas,11.636363636363637,QUA | 23 - Especial de pizza,2.210909090909091,2,0.21090909090909093,0,3,2
2026-09-20,2026-09-22,2026-09-23,QUA,Especial,19,media_movel_4,Média móvel (4 ocorrências),24,Especial de portuguesa,28.0,17,2026-05-27,2026-09-16,1,,275.0,5,0.10181818181818182,participacao_historica_de_vendas,10.181818181818182,QUA | 24 - Especial de portuguesa,1.9345454545454546,1,0.9345454545454546,1,1,2
2026-09-20,2026-09-23,2026-09-24,QUI,Comum,629,media_movel_4,Média móvel (4 ocorrências),1,Carne,1645.0,17,2026-05-28,2026-09-17,1,,12570.0,19,0.13086714399363564,participacao_historica_de_vendas,13.086714399363563,QUI | 1 - Carne,82.31543357199682,82,0.3154335719968202,0,14,82
2026-09-20,2026-09-23,2026-09-24,QUI,Comum,629,media_movel_4,Média móvel (4 ocorrências),2,Carne com queijo,2291.0,17,2026-05-28,2026-09-17,1,,12570.0,19,0.1822593476531424,participacao_historica_de_vendas,18.22593476531424,QUI | 2 - Carne com queijo,114.64112967382657,114,0.641129673826569,1,10,115
2026-09-20,2026-09-23,2026-09-24,QUI,Comum,629,media_movel_4,Média móvel (4 ocorrências),3,Carne com ovo,287.0,17,2026-05-28,2026-09-17,1,,12570.0,19,0.0228321400159109,participacao_historica_de_vendas,2.28321400159109,QUI | 3 - Carne com ovo,14.361416070007955,14,0.36141607000795517,0,13,14
2026-09-20,2026-09-23,2026-09-24,QUI,Comum,629,media_movel_4,Média móvel (4 ocorrências),4,Carne seca,699.0,17,2026-05-28,2026-09-17,1,,12570.0,19,0.055608591885441525,participacao_historica_de_vendas,5.5608591885441525,QUI | 4 - Carne seca,34.97780429594272,34,0.9778042959427182,1,1,35
2026-09-20,2026-09-23,2026-09-24,QUI,Comum,629,media_movel_4,Média móvel (4 ocorrências),5,Frango,78.0,17,2026-05-28,2026-09-17,1,,12570.0,19,0.006205250596658711,participacao_historica_de_vendas,0.6205250596658711,QUI | 5 - Frango,3.903102625298329,3,0.9031026252983292,1,4,4
2026-09-20,2026-09-23,2026-09-24,QUI,Comum,629,media_movel_4,Média móvel (4 ocorrências),6,Frango catupiri,2801.0,17,2026-05-28,2026-09-17,1,,12570.0,19,0.2228321400159109,participacao_historica_de_vendas,22.28321400159109,QUI | 6 - Frango catupiri,140.16141607000796,140,0.16141607000795943,0,17,140
2026-09-20,2026-09-23,2026-09-24,QUI,Comum,629,media_movel_4,Média móvel (4 ocorrências),7,Queijo,975.0,17,2026-05-28,2026-09-17,1,,12570.0,19,0.07756563245823389,participacao_historica_de_vendas,7.756563245823389,QUI | 7 - Queijo,48.788782816229116,48,0.7887828162291157,1,7,49
2026-09-20,2026-09-23,2026-09-24,QUI,Comum,629,media_movel_4,Média móvel (4 ocorrências),8,Pizza,1094.0,17,2026-05-28,2026-09-17,1,,12570.0,19,0.08703261734287987,participacao_historica_de_vendas,8.703261734287986,QUI | 8 - Pizza,54.74351630867144,54,0.7435163086714383,1,8,55
2026-09-20,2026-09-23,2026-09-24,QUI,Comum,629,media_movel_4,Média móvel (4 ocorrências),9,Bauru,276.0,17,2026-05-28,2026-09-17,1,,12570.0,19,0.021957040572792363,participacao_historica_de_vendas,2.195704057279236,QUI | 9 - Bauru,13.810978520286396,13,0.8109785202863957,1,6,14
2026-09-20,2026-09-23,2026-09-24,QUI,Comum,629,media_movel_4,Média móvel (4 ocorrências),10,4 queijos,297.0,17,2026-05-28,2026-09-17,1,,12570.0,19,0.023627684964200476,participacao_historica_de_vendas,2.3627684964200477,QUI | 10 - 4 queijos,14.8618138424821,14,0.8618138424820998,1,5,15
2026-09-20,2026-09-23,2026-09-24,QUI,Comum,629,media_movel_4,Média móvel (4 ocorrências),11,Calabresa com queijo,332.0,17,2026-05-28,2026-09-17,1,,12570.0,19,0.026412092283214002,participacao_historica_de_vendas,2.6412092283214004,QUI | 11 - Calabresa com queijo,16.613206046141606,16,0.613206046141606,1,11,17
2026-09-20,2026-09-23,2026-09-24,QUI,Comum,629,media_movel_4,Média móvel (4 ocorrências),12,Calabresa com catupiri,199.0,17,2026-05-28,2026-09-17,1,,12570.0,19,0.01583134447096261,participacao_historica_de_vendas,1.583134447096261,QUI | 12 - Calabresa com catupiri,9.957915672235481,9,0.9579156722354814,1,2,10
2026-09-20,2026-09-23,2026-09-24,QUI,Comum,629,media_movel_4,Média móvel (4 ocorrências),13,Salame,121.0,17,2026-05-28,2026-09-17,1,,12570.0,19,0.009626093874303899,participacao_historica_de_vendas,0.9626093874303899,QUI | 13 - Salame,6.054813046937152,6,0.054813046937152166,0,19,6
2026-09-20,2026-09-23,2026-09-24,QUI,Comum,629,media_movel_4,Média móvel (4 ocorrências),14,Escarola com bacon,132.0,17,2026-05-28,2026-09-17,1,,12570.0,19,0.010501193317422435,participacao_historica_de_vendas,1.0501193317422435,QUI | 14 - Escarola com bacon,6.605250596658712,6,0.6052505966587116,0,12,6
2026-09-20,2026-09-23,2026-09-24,QUI,Comum,629,media_movel_4,Média móvel (4 ocorrências),15,Escarola sem bacon,34.0,17,2026-05-28,2026-09-17,1,,12570.0,19,0.0027048528241845663,participacao_historica_de_vendas,0.27048528241845665,QUI | 15 - Escarola sem bacon,1.7013524264120923,1,0.7013524264120923,1,9,2
2026-09-20,2026-09-23,2026-09-24,QUI,Comum,629,media_movel_4,Média móvel (4 ocorrências),16,Caipira,323.0,17,2026-05-28,2026-09-17,1,,12570.0,19,0.02569610182975338,participacao_historica_de_vendas,2.569610182975338,QUI | 16 - Caipira,16.162848050914874,16,0.16284805091487442,0,16,16
2026-09-20,2026-09-23,2026-09-24,QUI,Comum,629,media_movel_4,Média móvel (4 ocorrências),17,Palmito,178.0,17,2026-05-28,2026-09-17,1,,12570.0,19,0.014160700079554495,participacao_historica_de_vendas,1.4160700079554496,QUI | 17 - Palmito,8.907080350039777,8,0.9070803500397773,1,3,9
2026-09-20,2026-09-23,2026-09-24,QUI,Comum,629,media_movel_4,Média móvel (4 ocorrências),18,Camarão,542.0,17,2026-05-28,2026-09-17,1,,12570.0,19,0.043118536197295144,participacao_historica_de_vendas,4.311853619729514,QUI | 18 - Camarão,27.121559268098647,27,0.12155926809864681,0,18,27
2026-09-20,2026-09-23,2026-09-24,QUI,Comum,629,media_movel_4,Média móvel (4 ocorrências),19,Portuguesa,266.0,17,2026-05-28,2026-09-17,1,,12570.0,19,0.021161495624502785,participacao_historica_de_vendas,2.1161495624502784,QUI | 19 - Portuguesa,13.310580747812251,13,0.3105807478122511,0,15,13
2026-09-20,2026-09-23,2026-09-24,QUI,Doce,11,media_movel_4,Média móvel (4 ocorrências),25,Chocolate,163.0,17,2026-05-28,2026-09-17,1,,216.0,3,0.7546296296296297,participacao_historica_de_vendas,75.46296296296296,QUI | 25 - Chocolate,8.300925925925926,8,0.3009259259259256,0,3,8
2026-09-20,2026-09-23,2026-09-24,QUI,Doce,11,media_movel_4,Média móvel (4 ocorrências),26,Banana com chocolate,34.0,17,2026-05-28,2026-09-17,1,,216.0,3,0.1574074074074074,participacao_historica_de_vendas,15.74074074074074,QUI | 26 - Banana com chocolate,1.7314814814814816,1,0.7314814814814816,1,2,2
2026-09-20,2026-09-23,2026-09-24,QUI,Doce,11,media_movel_4,Média móvel (4 ocorrências),27,Banana com doce de leite,19.0,17,2026-05-28,2026-09-17,1,,216.0,3,0.08796296296296297,participacao_historica_de_vendas,8.796296296296296,QUI | 27 - Banana com doce de leite,0.9675925925925926,0,0.9675925925925926,1,1,1
2026-09-20,2026-09-23,2026-09-24,QUI,Especial,37,media_movel_4,Média móvel (4 ocorrências),20,Especial de carne,434.0,17,2026-05-28,2026-09-17,1,,760.0,5,0.5710526315789474,participacao_historica_de_vendas,57.10526315789474,QUI | 20 - Especial de carne,21.128947368421052,21,0.12894736842105203,0,4,21
2026-09-20,2026-09-23,2026-09-24,QUI,Especial,37,media_movel_4,Média móvel (4 ocorrências),21,Especial de frango,212.0,17,2026-05-28,2026-09-17,1,,760.0,5,0.2789473684210526,participacao_historica_de_vendas,27.89473684210526,QUI | 21 - Especial de frango,10.321052631578947,10,0.32105263157894726,0,3,10
2026-09-20,2026-09-23,2026-09-24,QUI,Especial,37,media_movel_4,Média móvel (4 ocorrências),22,Especial de calabresa,36.0,17,2026-05-28,2026-09-17,1,,760.0,5,0.04736842105263158,participacao_historica_de_vendas,4.736842105263158,QUI | 22 - Especial de calabresa,1.7526315789473685,1,0.7526315789473685,1,1,2
2026-09-20,2026-09-23,2026-09-24,QUI,Especial,37,media_movel_4,Média móvel (4 ocorrências),23,Especial de pizza,36.0,17,2026-05-28,2026-09-17,1,,760.0,5,0.04736842105263158,participacao_historica_de_vendas,4.736842105263158,QUI | 23 - Especial de pizza,1.7526315789473685,1,0.7526315789473685,1,2,2
2026-09-20,2026-09-23,2026-09-24,QUI,Especial,37,media_movel_4,Média móvel (4 ocorrências),24,Especial de portuguesa,42.0,17,2026-05-28,2026-09-17,1,,760.0,5,0.05526315789473684,participacao_historica_de_vendas,5.526315789473684,QUI | 24 - Especial de portuguesa,2.044736842105263,2,0.044736842105263186,0,5,2
2026-09-20,2026-09-25,2026-09-26,SAB_C,Comum,613,media_movel_4,Média móvel (4 ocorrências),1,Carne,1445.0,17,2026-05-30,2026-09-19,1,,11358.0,19,0.1272231026589188,participacao_historica_de_vendas,12.722310265891881,SAB_C | 1 - Carne,77.98776192991723,77,0.9877619299172267,1,1,78
2026-09-20,2026-09-25,2026-09-26,SAB_C,Comum,613,media_movel_4,Média móvel (4 ocorrências),2,Carne com queijo,1614.0,17,2026-05-30,2026-09-19,1,,11358.0,19,0.1421024828314844,participacao_historica_de_vendas,14.210248283148442,SAB_C | 2 - Carne com queijo,87.10882197569994,87,0.10882197569993934,0,15,87
2026-09-20,2026-09-25,2026-09-26,SAB_C,Comum,613,media_movel_4,Média móvel (4 ocorrências),3,Carne com ovo,334.0,17,2026-05-30,2026-09-19,1,,11358.0,19,0.02940658566649058,participacao_historica_de_vendas,2.940658566649058,SAB_C | 3 - Carne com ovo,18.026237013558728,18,0.02623701355872754,0,19,18
2026-09-20,2026-09-25,2026-09-26,SAB_C,Comum,613,media_movel_4,Média móvel (4 ocorrências),4,Carne seca,672.0,17,2026-05-30,2026-09-19,1,,11358.0,19,0.05916534601162177,participacao_historica_de_vendas,5.916534601162176,SAB_C | 4 - Carne seca,36.268357105124146,36,0.2683571051241458,0,11,36
2026-09-20,2026-09-25,2026-09-26,SAB_C,Comum,613,media_movel_4,Média móvel (4 ocorrências),5,Frango,112.0,17,2026-05-30,2026-09-19,1,,11358.0,19,0.009860891001936961,participacao_historica_de_vendas,0.9860891001936961,SAB_C | 5 - Frango,6.044726184187357,6,0.04472618418735674,0,18,6
2026-09-20,2026-09-25,2026-09-26,SAB_C,Comum,613,media_movel_4,Média móvel (4 ocorrências),6,Frango catupiri,2396.0,17,2026-05-30,2026-09-19,1,,11358.0,19,0.21095263250572283,participacao_historica_de_vendas,21.095263250572284,SAB_C | 6 - Frango catupiri,129.3139637260081,129,0.3139637260080974,0,9,129
2026-09-20,2026-09-25,2026-09-26,SAB_C,Comum,613,media_movel_4,Média móvel (4 ocorrências),7,Queijo,872.0,17,2026-05-30,2026-09-19,1,,11358.0,19,0.07677407994365205,participacao_historica_de_vendas,7.677407994365206,SAB_C | 7 - Queijo,47.06251100545871,47,0.06251100545870969,0,17,47
2026-09-20,2026-09-25,2026-09-26,SAB_C,Comum,613,media_movel_4,Média móvel (4 ocorrências),8,Pizza,854.0,17,2026-05-30,2026-09-19,1,,11358.0,19,0.07518929388976933,participacao_historica_de_vendas,7.518929388976933,SAB_C | 8 - Pizza,46.0910371544286,46,0.09103715442859794,0,16,46
2026-09-20,2026-09-25,2026-09-26,SAB_C,Comum,613,media_movel_4,Média móvel (4 ocorrências),9,Bauru,291.0,17,2026-05-30,2026-09-19,1,,11358.0,19,0.025620707871104067,participacao_historica_de_vendas,2.5620707871104065,SAB_C | 9 - Bauru,15.705493924986794,15,0.7054939249867935,1,6,16
2026-09-20,2026-09-25,2026-09-26,SAB_C,Comum,613,media_movel_4,Média móvel (4 ocorrências),10,4 queijos,301.0,17,2026-05-30,2026-09-19,1,,11358.0,19,0.02650114456770558,participacao_historica_de_vendas,2.650114456770558,SAB_C | 10 - 4 queijos,16.24520162000352,16,0.2452016200035203,0,13,16
2026-09-20,2026-09-25,2026-09-26,SAB_C,Comum,613,media_movel_4,Média móvel (4 ocorrências),11,Calabresa com queijo,333.0,17,2026-05-30,2026-09-19,1,,11358.0,19,0.029318541996830427,participacao_historica_de_vendas,2.931854199683043,SAB_C | 11 - Calabresa com queijo,17.972266244057053,17,0.9722662440570531,1,2,18
2026-09-20,2026-09-25,2026-09-26,SAB_C,Comum,613,media_movel_4,Média móvel (4 ocorrências),12,Calabresa com catupiri,188.0,17,2026-05-30,2026-09-19,1,,11358.0,19,0.01655220989610847,participacao_historica_de_vendas,1.655220989610847,SAB_C | 12 - Calabresa com catupiri,10.146504666314492,10,0.14650466631449177,0,14,10
2026-09-20,2026-09-25,2026-09-26,SAB_C,Comum,613,media_movel_4,Média móvel (4 ocorrências),13,Salame,143.0,17,2026-05-30,2026-09-19,1,,11358.0,19,0.012590244761401656,participacao_historica_de_vendas,1.2590244761401657,SAB_C | 13 - Salame,7.717820038739215,7,0.7178200387392151,1,5,8
2026-09-20,2026-09-25,2026-09-26,SAB_C,Comum,613,media_movel_4,Média móvel (4 ocorrências),14,Escarola com bacon,158.0,17,2026-05-30,2026-09-19,1,,11358.0,19,0.013910899806303927,participacao_historica_de_vendas,1.3910899806303927,SAB_C | 14 - Escarola com bacon,8.527381581264308,8,0.5273815812643079,1,7,9
2026-09-20,2026-09-25,2026-09-26,SAB_C,Comum,613,media_movel_4,Média móvel (4 ocorrências),15,Escarola sem bacon,61.0,17,2026-05-30,2026-09-19,1,,11358.0,19,0.005370663849269238,participacao_historica_de_vendas,0.5370663849269238,SAB_C | 15 - Escarola sem bacon,3.2922169396020426,3,0.29221693960204265,0,10,3
2026-09-20,2026-09-25,2026-09-26,SAB_C,Comum,613,media_movel_4,Média móvel (4 ocorrências),16,Caipira,357.0,17,2026-05-30,2026-09-19,1,,11358.0,19,0.03143159006867406,participacao_historica_de_vendas,3.143159006867406,SAB_C | 16 - Caipira,19.2675647120972,19,0.2675647120972009,0,12,19
2026-09-20,2026-09-25,2026-09-26,SAB_C,Comum,613,media_movel_4,Média móvel (4 ocorrências),17,Palmito,276.0,17,2026-05-30,2026-09-19,1,,11358.0,19,0.024300052826201797,participacao_historica_de_vendas,2.4300052826201797,SAB_C | 17 - Palmito,14.895932382461702,14,0.8959323824617016,1,3,15
2026-09-20,2026-09-25,2026-09-26,SAB_C,Comum,613,media_movel_4,Média móvel (4 ocorrências),18,Camarão,621.0,17,2026-05-30,2026-09-19,1,,11358.0,19,0.05467511885895404,participacao_historica_de_vendas,5.467511885895404,SAB_C | 18 - Camarão,33.51584786053883,33,0.5158478605388268,1,8,34
2026-09-20,2026-09-25,2026-09-26,SAB_C,Comum,613,media_movel_4,Média móvel (4 ocorrências),19,Portuguesa,330.0,17,2026-05-30,2026-09-19,1,,11358.0,19,0.029054410987849975,participacao_historica_de_vendas,2.9054410987849977,SAB_C | 19 - Portuguesa,17.810353935552033,17,0.8103539355520333,1,4,18
2026-09-20,2026-09-25,2026-09-26,SAB_C,Doce,11,media_movel_4,Média móvel (4 ocorrências),25,Chocolate,131.0,17,2026-05-30,2026-09-19,1,,183.0,3,0.7158469945355191,participacao_historica_de_vendas,71.58469945355192,SAB_C | 25 - Chocolate,7.8743169398907105,7,0.8743169398907105,1,1,8
2026-09-20,2026-09-25,2026-09-26,SAB_C,Doce,11,media_movel_4,Média móvel (4 ocorrências),26,Banana com chocolate,34.0,17,2026-05-30,2026-09-19,1,,183.0,3,0.18579234972677597,participacao_historica_de_vendas,18.579234972677597,SAB_C | 26 - Banana com chocolate,2.0437158469945356,2,0.04371584699453557,0,3,2
2026-09-20,2026-09-25,2026-09-26,SAB_C,Doce,11,media_movel_4,Média móvel (4 ocorrências),27,Banana com doce de leite,18.0,17,2026-05-30,2026-09-19,1,,183.0,3,0.09836065573770492,participacao_historica_de_vendas,9.836065573770492,SAB_C | 27 - Banana com doce de leite,1.081967213114754,1,0.08196721311475397,0,2,1
2026-09-20,2026-09-25,2026-09-26,SAB_C,Especial,38,media_movel_4,Média móvel (4 ocorrências),20,Especial de carne,364.0,17,2026-05-30,2026-09-19,1,,638.0,5,0.5705329153605015,participacao_historica_de_vendas,57.05329153605015,SAB_C | 20 - Especial de carne,21.68025078369906,21,0.6802507836990586,1,2,22
2026-09-20,2026-09-25,2026-09-26,SAB_C,Especial,38,media_movel_4,Média móvel (4 ocorrências),21,Especial de frango,143.0,17,2026-05-30,2026-09-19,1,,638.0,5,0.22413793103448276,participacao_historica_de_vendas,22.413793103448278,SAB_C | 21 - Especial de frango,8.517241379310345,8,0.5172413793103452,0,4,8
2026-09-20,2026-09-25,2026-09-26,SAB_C,Especial,38,media_movel_4,Média móvel (4 ocorrências),22,Especial de calabresa,43.0,17,2026-05-30,2026-09-19,1,,638.0,5,0.06739811912225706,participacao_historica_de_vendas,6.739811912225706,SAB_C | 22 - Especial de calabresa,2.5611285266457684,2,0.5611285266457684,1,3,3
2026-09-20,2026-09-25,2026-09-26,SAB_C,Especial,38,media_movel_4,Média móvel (4 ocorrências),23,Especial de pizza,40.0,17,2026-05-30,2026-09-19,1,,638.0,5,0.06269592476489028,participacao_historica_de_vendas,6.269592476489027,SAB_C | 23 - Especial de pizza,2.3824451410658307,2,0.3824451410658307,0,5,2
2026-09-20,2026-09-25,2026-09-26,SAB_C,Especial,38,media_movel_4,Média móvel (4 ocorrências),24,Especial de portuguesa,48.0,17,2026-05-30,2026-09-19,1,,638.0,5,0.07523510971786834,participacao_historica_de_vendas,7.523510971786834,SAB_C | 24 - Especial de portuguesa,2.858934169278997,2,0.8589341692789971,1,1,3
2026-09-20,2026-09-25,2026-09-26,SAB_E,Comum,694,media_movel_4,Média móvel (4 ocorrências),1,Carne,1348.0,17,2026-05-30,2026-09-19,1,,12470.0,17,0.10809943865276664,participacao_historica_de_vendas,10.809943865276663,SAB_E | 1 - Carne,75.02101042502005,75,0.02101042502005157,0,17,75
2026-09-20,2026-09-25,2026-09-26,SAB_E,Comum,694,media_movel_4,Média móvel (4 ocorrências),2,Carne com queijo,2355.0,17,2026-05-30,2026-09-19,1,,12470.0,17,0.1888532477947073,participacao_historica_de_vendas,18.88532477947073,SAB_E | 2 - Carne com queijo,131.06415396952687,131,0.06415396952687047,0,16,131
2026-09-20,2026-09-25,2026-09-26,SAB_E,Comum,694,media_movel_4,Média móvel (4 ocorrências),3,Carne com ovo,330.0,17,2026-05-30,2026-09-19,1,,12470.0,17,0.026463512429831595,participacao_historica_de_vendas,2.6463512429831595,SAB_E | 3 - Carne com ovo,18.36567762630313,18,0.3656776263031283,0,12,18
2026-09-20,2026-09-25,2026-09-26,SAB_E,Comum,694,media_movel_4,Média móvel (4 ocorrências),4,Carne seca,673.0,17,2026-05-30,2026-09-19,1,,12470.0,17,0.05396952686447474,participacao_historica_de_vendas,5.396952686447474,SAB_E | 4 - Carne seca,37.45485164394547,37,0.4548516439454673,0,11,37
2026-09-20,2026-09-25,2026-09-26,SAB_E,Comum,694,media_movel_4,Média móvel (4 ocorrências),5,Frango,0.0,0,,,0,Produto Frango não é comercializado nesta feira.,12470.0,17,0.0,participacao_historica_de_vendas,0.0,SAB_E | 5 - Frango,0.0,0,0.0,0,,0
2026-09-20,2026-09-25,2026-09-26,SAB_E,Comum,694,media_movel_4,Média móvel (4 ocorrências),6,Frango catupiri,2767.0,17,2026-05-30,2026-09-19,1,,12470.0,17,0.2218925421010425,participacao_historica_de_vendas,22.189254210104252,SAB_E | 6 - Frango catupiri,153.9934242181235,153,0.9934242181234936,1,1,154
2026-09-20,2026-09-25,2026-09-26,SAB_E,Comum,694,media_movel_4,Média móvel (4 ocorrências),7,Queijo,963.0,17,2026-05-30,2026-09-19,1,,12470.0,17,0.07722534081796312,participacao_historica_de_vendas,7.7225340817963115,SAB_E | 7 - Queijo,53.5943865276664,53,0.5943865276664013,1,5,54
2026-09-20,2026-09-25,2026-09-26,SAB_E,Comum,694,media_movel_4,Média móvel (4 ocorrências),8,Pizza,778.0,17,2026-05-30,2026-09-19,1,,12470.0,17,0.0623897353648757,participacao_historica_de_vendas,6.2389735364875705,SAB_E | 8 - Pizza,43.29847634322373,43,0.29847634322373295,0,13,43
2026-09-20,2026-09-25,2026-09-26,SAB_E,Comum,694,media_movel_4,Média móvel (4 ocorrências),9,Bauru,315.0,17,2026-05-30,2026-09-19,1,,12470.0,17,0.025260625501202887,participacao_historica_de_vendas,2.5260625501202885,SAB_E | 9 - Bauru,17.530874097834804,17,0.5308740978348041,0,10,17
2026-09-20,2026-09-25,2026-09-26,SAB_E,Comum,694,media_movel_4,Média móvel (4 ocorrências),10,4 queijos,320.0,17,2026-05-30,2026-09-19,1,,12470.0,17,0.02566158781074579,participacao_historica_de_vendas,2.566158781074579,SAB_E | 10 - 4 queijos,17.80914194065758,17,0.8091419406575788,1,2,18
2026-09-20,2026-09-25,2026-09-26,SAB_E,Comum,694,media_movel_4,Média móvel (4 ocorrências),11,Calabresa com queijo,344.0,17,2026-05-30,2026-09-19,1,,12470.0,17,0.027586206896551724,participacao_historica_de_vendas,2.7586206896551726,SAB_E | 11 - Calabresa com queijo,19.144827586206898,19,0.1448275862068975,0,14,19
2026-09-20,2026-09-25,2026-09-26,SAB_E,Comum,694,media_movel_4,Média móvel (4 ocorrências),12,Calabresa com catupiri,199.0,17,2026-05-30,2026-09-19,1,,12470.0,17,0.015958299919807538,participacao_historica_de_vendas,1.5958299919807537,SAB_E | 12 - Calabresa com catupiri,11.07506014434643,11,0.07506014434643049,0,15,11
2026-09-20,2026-09-25,2026-09-26,SAB_E,Comum,694,media_movel_4,Média móvel (4 ocorrências),13,Salame,154.0,17,2026-05-30,2026-09-19,1,,12470.0,17,0.012349639133921411,participacao_historica_de_vendas,1.234963913392141,SAB_E | 13 - Salame,8.57064955894146,8,0.5706495589414597,1,8,9
2026-09-20,2026-09-25,2026-09-26,SAB_E,Comum,694,media_movel_4,Média móvel (4 ocorrências),14,Escarola com bacon,154.0,17,2026-05-30,2026-09-19,1,,12470.0,17,0.012349639133921411,participacao_historica_de_vendas,1.234963913392141,SAB_E | 14 - Escarola com bacon,8.57064955894146,8,0.5706495589414597,0,9,8
2026-09-20,2026-09-25,2026-09-26,SAB_E,Comum,694,media_movel_4,Média móvel (4 ocorrências),15,Escarola sem bacon,0.0,0,,,0,Produto Escarola sem bacon não é comercializado nesta feira.,12470.0,17,0.0,participacao_historica_de_vendas,0.0,SAB_E | 15 - Escarola sem bacon,0.0,0,0.0,0,,0
2026-09-20,2026-09-25,2026-09-26,SAB_E,Comum,694,media_movel_4,Média móvel (4 ocorrências),16,Caipira,353.0,17,2026-05-30,2026-09-19,1,,12470.0,17,0.02830793905372895,participacao_historica_de_vendas,2.8307939053728948,SAB_E | 16 - Caipira,19.645709703287892,19,0.645709703287892,1,4,20
2026-09-20,2026-09-25,2026-09-26,SAB_E,Comum,694,media_movel_4,Média móvel (4 ocorrências),17,Palmito,280.0,17,2026-05-30,2026-09-19,1,,12470.0,17,0.022453889334402566,participacao_historica_de_vendas,2.245388933440257,SAB_E | 17 - Palmito,15.582999198075381,15,0.582999198075381,1,6,16
2026-09-20,2026-09-25,2026-09-26,SAB_E,Comum,694,media_movel_4,Média móvel (4 ocorrências),18,Camarão,801.0,17,2026-05-30,2026-09-19,1,,12470.0,17,0.06423416198877306,participacao_historica_de_vendas,6.423416198877306,SAB_E | 18 - Camarão,44.57850842020851,44,0.5785084202085073,1,7,45
2026-09-20,2026-09-25,2026-09-26,SAB_E,Comum,694,media_movel_4,Média móvel (4 ocorrências),19,Portuguesa,336.0,17,2026-05-30,2026-09-19,1,,12470.0,17,0.02694466720128308,participacao_historica_de_vendas,2.694466720128308,SAB_E | 19 - Portuguesa,18.699599037690458,18,0.699599037690458,1,3,19
2026-09-20,2026-09-25,2026-09-26,SAB_E,Doce,12,media_movel_4,Média móvel (4 ocorrências),25,Chocolate,161.0,17,2026-05-30,2026-09-19,1,,204.0,3,0.7892156862745098,participacao_historica_de_vendas,78.92156862745098,SAB_E | 25 - Chocolate,9.470588235294118,9,0.47058823529411775,0,3,9
2026-09-20,2026-09-25,2026-09-26,SAB_E,Doce,12,media_movel_4,Média móvel (4 ocorrências),26,Banana com chocolate,27.0,17,2026-05-30,2026-09-19,1,,204.0,3,0.1323529411764706,participacao_historica_de_vendas,13.23529411764706,SAB_E | 26 - Banana com chocolate,1.5882352941176472,1,0.5882352941176472,1,2,2
2026-09-20,2026-09-25,2026-09-26,SAB_E,Doce,12,media_movel_4,Média móvel (4 ocorrências),27,Banana com doce de leite,16.0,17,2026-05-30,2026-09-19,1,,204.0,3,0.0784313725490196,participacao_historica_de_vendas,7.8431372549019605,SAB_E | 27 - Banana com doce de leite,0.9411764705882353,0,0.9411764705882353,1,1,1
2026-09-20,2026-09-25,2026-09-26,SAB_E,Especial,34,media_movel_4,Média móvel (4 ocorrências),20,Especial de carne,357.0,17,2026-05-30,2026-09-19,1,,619.0,5,0.5767366720516963,participacao_historica_de_vendas,57.67366720516963,SAB_E | 20 - Especial de carne,19.609046849757675,19,0.6090468497576751,1,2,20
2026-09-20,2026-09-25,2026-09-26,SAB_E,Especial,34,media_movel_4,Média móvel (4 ocorrências),21,Especial de frango,134.0,17,2026-05-30,2026-09-19,1,,619.0,5,0.21647819063004847,participacao_historica_de_vendas,21.647819063004846,SAB_E | 21 - Especial de frango,7.360258481421648,7,0.3602584814216483,0,5,7
2026-09-20,2026-09-25,2026-09-26,SAB_E,Especial,34,media_movel_4,Média móvel (4 ocorrências),22,Especial de calabresa,47.0,17,2026-05-30,2026-09-19,1,,619.0,5,0.07592891760904685,participacao_historica_de_vendas,7.592891760904685,SAB_E | 22 - Especial de calabresa,2.581583198707593,2,0.5815831987075928,1,3,3
2026-09-20,2026-09-25,2026-09-26,SAB_E,Especial,34,media_movel_4,Média móvel (4 ocorrências),23,Especial de pizza,35.0,17,2026-05-30,2026-09-19,1,,619.0,5,0.05654281098546042,participacao_historica_de_vendas,5.654281098546042,SAB_E | 23 - Especial de pizza,1.9224555735056543,1,0.9224555735056543,1,1,2
2026-09-20,2026-09-25,2026-09-26,SAB_E,Especial,34,media_movel_4,Média móvel (4 ocorrências),24,Especial de portuguesa,46.0,17,2026-05-30,2026-09-19,1,,619.0,5,0.07431340872374798,participacao_historica_de_vendas,7.431340872374798,SAB_E | 24 - Especial de portuguesa,2.5266558966074313,2,0.5266558966074313,0,4,2
2026-09-20,2026-09-26,2026-09-27,DOM_C,Comum,924,media_movel_4,Média móvel (4 ocorrências),1,Carne,1997.0,17,2026-05-31,2026-09-20,1,,16128.0,19,0.12382192460317461,participacao_historica_de_vendas,12.38219246031746,DOM_C | 1 - Carne,114.41145833333334,114,0.4114583333333428,0,12,114
2026-09-20,2026-09-26,2026-09-27,DOM_C,Comum,924,media_movel_4,Média móvel (4 ocorrências),2,Carne com queijo,2988.0,17,2026-05-31,2026-09-20,1,,16128.0,19,0.18526785714285715,participacao_historica_de_vendas,18.526785714285715,DOM_C | 2 - Carne com queijo,171.1875,171,0.1875,0,16,171
2026-09-20,2026-09-26,2026-09-27,DOM_C,Comum,924,media_movel_4,Média móvel (4 ocorrências),3,Carne com ovo,557.0,17,2026-05-31,2026-09-20,1,,16128.0,19,0.03453621031746032,participacao_historica_de_vendas,3.453621031746032,DOM_C | 3 - Carne com ovo,31.911458333333336,31,0.9114583333333357,1,4,32
2026-09-20,2026-09-26,2026-09-27,DOM_C,Comum,924,media_movel_4,Média móvel (4 ocorrências),4,Carne seca,980.0,17,2026-05-31,2026-09-20,1,,16128.0,19,0.06076388888888889,participacao_historica_de_vendas,6.076388888888888,DOM_C | 4 - Carne seca,56.145833333333336,56,0.1458333333333357,0,18,56
2026-09-20,2026-09-26,2026-09-27,DOM_C,Comum,924,media_movel_4,Média móvel (4 ocorrências),5,Frango,110.0,17,2026-05-31,2026-09-20,1,,16128.0,19,0.006820436507936508,participacao_historica_de_vendas,0.6820436507936508,DOM_C | 5 - Frango,6.302083333333333,6,0.30208333333333304,0,15,6
2026-09-20,2026-09-26,2026-09-27,DOM_C,Comum,924,media_movel_4,Média móvel (4 ocorrências),6,Frango catupiri,3593.0,17,2026-05-31,2026-09-20,1,,16128.0,19,0.22278025793650794,participacao_historica_de_vendas,22.278025793650794,DOM_C | 6 - Frango catupiri,205.84895833333334,205,0.8489583333333428,1,5,206
2026-09-20,2026-09-26,2026-09-27,DOM_C,Comum,924,media_movel_4,Média móvel (4 ocorrências),7,Queijo,1249.0,17,2026-05-31,2026-09-20,1,,16128.0,19,0.07744295634920635,participacao_historica_de_vendas,7.744295634920635,DOM_C | 7 - Queijo,71.55729166666667,71,0.5572916666666714,1,8,72
2026-09-20,2026-09-26,2026-09-27,DOM_C,Comum,924,media_movel_4,Média móvel (4 ocorrências),8,Pizza,1001.0,17,2026-05-31,2026-09-20,1,,16128.0,19,0.062065972222222224,participacao_historica_de_vendas,6.206597222222222,DOM_C | 8 - Pizza,57.348958333333336,57,0.3489583333333357,0,13,57
2026-09-20,2026-09-26,2026-09-27,DOM_C,Comum,924,media_movel_4,Média móvel (4 ocorrências),9,Bauru,324.0,17,2026-05-31,2026-09-20,1,,16128.0,19,0.020089285714285716,participacao_historica_de_vendas,2.0089285714285716,DOM_C | 9 - Bauru,18.5625,18,0.5625,1,7,19
2026-09-20,2026-09-26,2026-09-27,DOM_C,Comum,924,media_movel_4,Média móvel (4 ocorrências),10,4 queijos,316.0,17,2026-05-31,2026-09-20,1,,16128.0,19,0.019593253968253968,participacao_historica_de_vendas,1.9593253968253967,DOM_C | 10 - 4 queijos,18.104166666666668,18,0.10416666666666785,0,19,18
2026-09-20,2026-09-26,2026-09-27,DOM_C,Comum,924,media_movel_4,Média móvel (4 ocorrências),11,Calabresa com queijo,444.0,17,2026-05-31,2026-09-20,1,,16128.0,19,0.027529761904761904,participacao_historica_de_vendas,2.7529761904761902,DOM_C | 11 - Calabresa com queijo,25.4375,25,0.4375,0,11,25
2026-09-20,2026-09-26,2026-09-27,DOM_C,Comum,924,media_movel_4,Média móvel (4 ocorrências),12,Calabresa com catupiri,233.0,17,2026-05-31,2026-09-20,1,,16128.0,19,0.014446924603174604,participacao_historica_de_vendas,1.4446924603174605,DOM_C | 12 - Calabresa com catupiri,13.348958333333334,13,0.3489583333333339,0,14,13
2026-09-20,2026-09-26,2026-09-27,DOM_C,Comum,924,media_movel_4,Média móvel (4 ocorrências),13,Salame,154.0,17,2026-05-31,2026-09-20,1,,16128.0,19,0.009548611111111112,participacao_historica_de_vendas,0.9548611111111112,DOM_C | 13 - Salame,8.822916666666668,8,0.8229166666666679,1,6,9
2026-09-20,2026-09-26,2026-09-27,DOM_C,Comum,924,media_movel_4,Média móvel (4 ocorrências),14,Escarola com bacon,156.0,17,2026-05-31,2026-09-20,1,,16128.0,19,0.009672619047619048,participacao_historica_de_vendas,0.9672619047619048,DOM_C | 14 - Escarola com bacon,8.9375,8,0.9375,1,3,9
2026-09-20,2026-09-26,2026-09-27,DOM_C,Comum,924,media_movel_4,Média móvel (4 ocorrências),15,Escarola sem bacon,61.0,17,2026-05-31,2026-09-20,1,,16128.0,19,0.0037822420634920635,participacao_historica_de_vendas,0.37822420634920634,DOM_C | 15 - Escarola sem bacon,3.4947916666666665,3,0.4947916666666665,1,9,4
2026-09-20,2026-09-26,2026-09-27,DOM_C,Comum,924,media_movel_4,Média móvel (4 ocorrências),16,Caipira,401.0,17,2026-05-31,2026-09-20,1,,16128.0,19,0.024863591269841268,participacao_historica_de_vendas,2.486359126984127,DOM_C | 16 - Caipira,22.973958333333332,22,0.9739583333333321,1,2,23
2026-09-20,2026-09-26,2026-09-27,DOM_C,Comum,924,media_movel_4,Média móvel (4 ocorrências),17,Palmito,209.0,17,2026-05-31,2026-09-20,1,,16128.0,19,0.012958829365079366,participacao_historica_de_vendas,1.2958829365079365,DOM_C | 17 - Palmito,11.973958333333334,11,0.9739583333333339,1,1,12
2026-09-20,2026-09-26,2026-09-27,DOM_C,Comum,924,media_movel_4,Média móvel (4 ocorrências),18,Camarão,933.0,17,2026-05-31,2026-09-20,1,,16128.0,19,0.057849702380952384,participacao_historica_de_vendas,5.784970238095238,DOM_C | 18 - Camarão,53.453125,53,0.453125,1,10,54
2026-09-20,2026-09-26,2026-09-27,DOM_C,Comum,924,media_movel_4,Média móvel (4 ocorrências),19,Portuguesa,422.0,17,2026-05-31,2026-09-20,1,,16128.0,19,0.026165674603174604,participacao_historica_de_vendas,2.6165674603174605,DOM_C | 19 - Portuguesa,24.177083333333336,24,0.1770833333333357,0,17,24
2026-09-20,2026-09-26,2026-09-27,DOM_C,Doce,11,media_movel_4,Média móvel (4 ocorrências),25,Chocolate,157.0,17,2026-05-31,2026-09-20,1,,217.0,3,0.7235023041474654,participacao_historica_de_vendas,72.35023041474655,DOM_C | 25 - Chocolate,7.958525345622119,7,0.9585253456221192,1,1,8
2026-09-20,2026-09-26,2026-09-27,DOM_C,Doce,11,media_movel_4,Média móvel (4 ocorrências),26,Banana com chocolate,36.0,17,2026-05-31,2026-09-20,1,,217.0,3,0.16589861751152074,participacao_historica_de_vendas,16.589861751152075,DOM_C | 26 - Banana com chocolate,1.8248847926267282,1,0.8248847926267282,1,2,2
2026-09-20,2026-09-26,2026-09-27,DOM_C,Doce,11,media_movel_4,Média móvel (4 ocorrências),27,Banana com doce de leite,24.0,17,2026-05-31,2026-09-20,1,,217.0,3,0.11059907834101383,participacao_historica_de_vendas,11.059907834101383,DOM_C | 27 - Banana com doce de leite,1.2165898617511521,1,0.21658986175115214,0,3,1
2026-09-20,2026-09-26,2026-09-27,DOM_C,Especial,60,media_movel_4,Média móvel (4 ocorrências),20,Especial de carne,518.0,17,2026-05-31,2026-09-20,1,,949.0,5,0.5458377239199157,participacao_historica_de_vendas,54.58377239199157,DOM_C | 20 - Especial de carne,32.75026343519494,32,0.7502634351949382,1,1,33
2026-09-20,2026-09-26,2026-09-27,DOM_C,Especial,60,media_movel_4,Média móvel (4 ocorrências),21,Especial de frango,279.0,17,2026-05-31,2026-09-20,1,,949.0,5,0.2939936775553214,participacao_historica_de_vendas,29.39936775553214,DOM_C | 21 - Especial de frango,17.639620653319284,17,0.6396206533192839,1,2,18
2026-09-20,2026-09-26,2026-09-27,DOM_C,Especial,60,media_movel_4,Média móvel (4 ocorrências),22,Especial de calabresa,50.0,17,2026-05-31,2026-09-20,1,,949.0,5,0.05268703898840885,participacao_historica_de_vendas,5.268703898840886,DOM_C | 22 - Especial de calabresa,3.161222339304531,3,0.16122233930453111,0,4,3
2026-09-20,2026-09-26,2026-09-27,DOM_C,Especial,60,media_movel_4,Média móvel (4 ocorrências),23,Especial de pizza,50.0,17,2026-05-31,2026-09-20,1,,949.0,5,0.05268703898840885,participacao_historica_de_vendas,5.268703898840886,DOM_C | 23 - Especial de pizza,3.161222339304531,3,0.16122233930453111,0,5,3
2026-09-20,2026-09-26,2026-09-27,DOM_C,Especial,60,media_movel_4,Média móvel (4 ocorrências),24,Especial de portuguesa,52.0,17,2026-05-31,2026-09-20,1,,949.0,5,0.0547945205479452,participacao_historica_de_vendas,5.47945205479452,DOM_C | 24 - Especial de portuguesa,3.287671232876712,3,0.28767123287671215,0,3,3
2026-09-20,2026-09-26,2026-09-27,DOM_E,Comum,558,media_movel_4,Média móvel (4 ocorrências),1,Carne,1013.0,17,2026-05-31,2026-09-20,1,,9792.0,17,0.10345179738562091,participacao_historica_de_vendas,10.345179738562091,DOM_E | 1 - Carne,57.726102941176464,57,0.7261029411764639,1,4,58
2026-09-20,2026-09-26,2026-09-27,DOM_E,Comum,558,media_movel_4,Média móvel (4 ocorrências),2,Carne com queijo,1592.0,17,2026-05-31,2026-09-20,1,,9792.0,17,0.16258169934640523,participacao_historica_de_vendas,16.258169934640524,DOM_E | 2 - Carne com queijo,90.72058823529412,90,0.720588235294116,1,5,91
2026-09-20,2026-09-26,2026-09-27,DOM_E,Comum,558,media_movel_4,Média móvel (4 ocorrências),3,Carne com ovo,338.0,17,2026-05-31,2026-09-20,1,,9792.0,17,0.03451797385620915,participacao_historica_de_vendas,3.451797385620915,DOM_E | 3 - Carne com ovo,19.261029411764707,19,0.2610294117647065,0,13,19
2026-09-20,2026-09-26,2026-09-27,DOM_E,Comum,558,media_movel_4,Média móvel (4 ocorrências),4,Carne seca,545.0,17,2026-05-31,2026-09-20,1,,9792.0,17,0.05565767973856209,participacao_historica_de_vendas,5.565767973856209,DOM_E | 4 - Carne seca,31.056985294117645,31,0.05698529411764497,0,15,31
2026-09-20,2026-09-26,2026-09-27,DOM_E,Comum,558,media_movel_4,Média móvel (4 ocorrências),5,Frango,0.0,0,,,0,Produto Frango não é comercializado nesta feira.,9792.0,17,0.0,participacao_historica_de_vendas,0.0,DOM_E | 5 - Frango,0.0,0,0.0,0,,0
2026-09-20,2026-09-26,2026-09-27,DOM_E,Comum,558,media_movel_4,Média móvel (4 ocorrências),6,Frango catupiri,1975.0,17,2026-05-31,2026-09-20,1,,9792.0,17,0.2016952614379085,participacao_historica_de_vendas,20.16952614379085,DOM_E | 6 - Frango catupiri,112.54595588235294,112,0.545955882352942,1,8,113
2026-09-20,2026-09-26,2026-09-27,DOM_E,Comum,558,media_movel_4,Média móvel (4 ocorrências),7,Queijo,717.0,17,2026-05-31,2026-09-20,1,,9792.0,17,0.07322303921568628,participacao_historica_de_vendas,7.322303921568627,DOM_E | 7 - Queijo,40.85845588235294,40,0.858455882352942,1,2,41
2026-09-20,2026-09-26,2026-09-27,DOM_E,Comum,558,media_movel_4,Média móvel (4 ocorrências),8,Pizza,667.0,17,2026-05-31,2026-09-20,1,,9792.0,17,0.06811683006535947,participacao_historica_de_vendas,6.811683006535947,DOM_E | 8 - Pizza,38.00919117647059,38,0.009191176470586981,0,17,38
2026-09-20,2026-09-26,2026-09-27,DOM_E,Comum,558,media_movel_4,Média móvel (4 ocorrências),9,Bauru,249.0,17,2026-05-31,2026-09-20,1,,9792.0,17,0.02542892156862745,participacao_historica_de_vendas,2.542892156862745,DOM_E | 9 - Bauru,14.189338235294118,14,0.18933823529411775,0,14,14
2026-09-20,2026-09-26,2026-09-27,DOM_E,Comum,558,media_movel_4,Média móvel (4 ocorrências),10,4 queijos,255.0,17,2026-05-31,2026-09-20,1,,9792.0,17,0.026041666666666668,participacao_historica_de_vendas,2.604166666666667,DOM_E | 10 - 4 queijos,14.53125,14,0.53125,0,9,14
2026-09-20,2026-09-26,2026-09-27,DOM_E,Comum,558,media_movel_4,Média móvel (4 ocorrências),11,Calabresa com queijo,344.0,17,2026-05-31,2026-09-20,1,,9792.0,17,0.035130718954248366,participacao_historica_de_vendas,3.5130718954248366,DOM_E | 11 - Calabresa com queijo,19.602941176470587,19,0.602941176470587,1,6,20
2026-09-20,2026-09-26,2026-09-27,DOM_E,Comum,558,media_movel_4,Média móvel (4 ocorrências),12,Calabresa com catupiri,246.0,17,2026-05-31,2026-09-20,1,,9792.0,17,0.025122549019607844,participacao_historica_de_vendas,2.5122549019607843,DOM_E | 12 - Calabresa com catupiri,14.018382352941178,14,0.018382352941177516,0,16,14
2026-09-20,2026-09-26,2026-09-27,DOM_E,Comum,558,media_movel_4,Média móvel (4 ocorrências),13,Salame,133.0,17,2026-05-31,2026-09-20,1,,9792.0,17,0.013582516339869281,participacao_historica_de_vendas,1.3582516339869282,DOM_E | 13 - Salame,7.579044117647059,7,0.5790441176470589,1,7,8
2026-09-20,2026-09-26,2026-09-27,DOM_E,Comum,558,media_movel_4,Média móvel (4 ocorrências),14,Escarola com bacon,128.0,17,2026-05-31,2026-09-20,1,,9792.0,17,0.013071895424836602,participacao_historica_de_vendas,1.3071895424836601,DOM_E | 14 - Escarola com bacon,7.294117647058823,7,0.2941176470588234,0,12,7
2026-09-20,2026-09-26,2026-09-27,DOM_E,Comum,558,media_movel_4,Média móvel (4 ocorrências),15,Escarola sem bacon,0.0,0,,,0,Produto Escarola sem bacon não é comercializado nesta feira.,9792.0,17,0.0,participacao_historica_de_vendas,0.0,DOM_E | 15 - Escarola sem bacon,0.0,0,0.0,0,,0
2026-09-20,2026-09-26,2026-09-27,DOM_E,Comum,558,media_movel_4,Média móvel (4 ocorrências),16,Caipira,395.0,17,2026-05-31,2026-09-20,1,,9792.0,17,0.0403390522875817,participacao_historica_de_vendas,4.0339052287581705,DOM_E | 16 - Caipira,22.50919117647059,22,0.5091911764705905,0,10,22
2026-09-20,2026-09-26,2026-09-27,DOM_E,Comum,558,media_movel_4,Média móvel (4 ocorrências),17,Palmito,174.0,17,2026-05-31,2026-09-20,1,,9792.0,17,0.017769607843137254,participacao_historica_de_vendas,1.7769607843137254,DOM_E | 17 - Palmito,9.915441176470587,9,0.915441176470587,1,1,10
2026-09-20,2026-09-26,2026-09-27,DOM_E,Comum,558,media_movel_4,Média móvel (4 ocorrências),18,Camarão,621.0,17,2026-05-31,2026-09-20,1,,9792.0,17,0.06341911764705882,participacao_historica_de_vendas,6.341911764705882,DOM_E | 18 - Camarão,35.38786764705882,35,0.38786764705881893,0,11,35
2026-09-20,2026-09-26,2026-09-27,DOM_E,Comum,558,media_movel_4,Média móvel (4 ocorrências),19,Portuguesa,400.0,17,2026-05-31,2026-09-20,1,,9792.0,17,0.04084967320261438,participacao_historica_de_vendas,4.084967320261438,DOM_E | 19 - Portuguesa,22.794117647058822,22,0.7941176470588225,1,3,23
2026-09-20,2026-09-26,2026-09-27,DOM_E,Doce,6,media_movel_4,Média móvel (4 ocorrências),25,Chocolate,122.0,17,2026-05-31,2026-09-20,1,,141.0,3,0.8652482269503546,participacao_historica_de_vendas,86.52482269503547,DOM_E | 25 - Chocolate,5.191489361702128,5,0.1914893617021276,0,3,5
2026-09-20,2026-09-26,2026-09-27,DOM_E,Doce,6,media_movel_4,Média móvel (4 ocorrências),26,Banana com chocolate,11.0,17,2026-05-31,2026-09-20,1,,141.0,3,0.07801418439716312,participacao_historica_de_vendas,7.801418439716312,DOM_E | 26 - Banana com chocolate,0.46808510638297873,0,0.46808510638297873,1,1,1
2026-09-20,2026-09-26,2026-09-27,DOM_E,Doce,6,media_movel_4,Média móvel (4 ocorrências),27,Banana com doce de leite,8.0,17,2026-05-31,2026-09-20,1,,141.0,3,0.05673758865248227,participacao_historica_de_vendas,5.673758865248227,DOM_E | 27 - Banana com doce de leite,0.3404255319148936,0,0.3404255319148936,0,2,0
2026-09-20,2026-09-26,2026-09-27,DOM_E,Especial,34,media_movel_4,Média móvel (4 ocorrências),20,Especial de carne,351.0,17,2026-05-31,2026-09-20,1,,643.0,5,0.5458786936236392,participacao_historica_de_vendas,54.58786936236392,DOM_E | 20 - Especial de carne,18.55987558320373,18,0.5598755832037305,1,2,19
2026-09-20,2026-09-26,2026-09-27,DOM_E,Especial,34,media_movel_4,Média móvel (4 ocorrências),21,Especial de frango,152.0,17,2026-05-31,2026-09-20,1,,643.0,5,0.2363919129082426,participacao_historica_de_vendas,23.63919129082426,DOM_E | 21 - Especial de frango,8.03732503888025,8,0.037325038880249295,0,5,8
2026-09-20,2026-09-26,2026-09-27,DOM_E,Especial,34,media_movel_4,Média móvel (4 ocorrências),22,Especial de calabresa,41.0,17,2026-05-31,2026-09-20,1,,643.0,5,0.06376360808709176,participacao_historica_de_vendas,6.376360808709176,DOM_E | 22 - Especial de calabresa,2.16796267496112,2,0.16796267496112005,0,4,2
2026-09-20,2026-09-26,2026-09-27,DOM_E,Especial,34,media_movel_4,Média móvel (4 ocorrências),23,Especial de pizza,37.0,17,2026-05-31,2026-09-20,1,,643.0,5,0.05754276827371695,participacao_historica_de_vendas,5.7542768273716955,DOM_E | 23 - Especial de pizza,1.9564541213063764,1,0.9564541213063764,1,1,2
2026-09-20,2026-09-26,2026-09-27,DOM_E,Especial,34,media_movel_4,Média móvel (4 ocorrências),24,Especial de portuguesa,62.0,17,2026-05-31,2026-09-20,1,,643.0,5,0.09642301710730948,participacao_historica_de_vendas,9.642301710730948,DOM_E | 24 - Especial de portuguesa,3.2783825816485224,3,0.27838258164852236,0,3,3
