data_corte,feira,categoria,id_produto,produto,produto_permitido,motivo_restricao,vendas_historicas_produto,vendas_historicas_categoria,observacoes_historicas_produto,primeira_data_historica,ultima_data_historica,proporcao_historica,participacao_percentual,metodo_proporcao
2026-09-20,QUA,Comum,1,Carne,1,,803.0,7016.0,17,2026-05-27,2026-09-16,0.11445267958950969,11.44526795895097,participacao_historica_de_vendas
2026-09-20,QUA,Comum,2,Carne com queijo,1,,934.0,7016.0,17,2026-05-27,2026-09-16,0.13312428734321552,13.312428734321552,participacao_historica_de_vendas
2026-09-20,QUA,Comum,3,Carne com ovo,1,,205.0,7016.0,17,2026-05-27,2026-09-16,0.029218928164196124,2.9218928164196125,participacao_historica_de_vendas
2026-09-20,QUA,Comum,4,Carne seca,1,,402.0,7016.0,17,2026-05-27,2026-09-16,0.0572976054732041,5.72976054732041,participacao_historica_de_vendas
2026-09-20,QUA,Comum,5,Frango,1,,43.0,7016.0,17,2026-05-27,2026-09-16,0.00612884834663626,0.612884834663626,participacao_historica_de_vendas
2026-09-20,QUA,Comum,6,Frango catupiri,1,,1123.0,7016.0,17,2026-05-27,2026-09-16,0.16006271379703535,16.006271379703534,participacao_historica_de_vendas
2026-09-20,QUA,Comum,7,Queijo,1,,655.0,7016.0,17,2026-05-27,2026-09-16,0.09335803876852908,9.335803876852907,participacao_historica_de_vendas
2026-09-20,QUA,Comum,8,Pizza,1,,644.0,7016.0,17,2026-05-27,2026-09-16,0.09179019384264538,9.179019384264537,participacao_historica_de_vendas
2026-09-20,QUA,Comum,9,Bauru,1,,215.0,7016.0,17,2026-05-27,2026-09-16,0.0306442417331813,3.06442417331813,participacao_historica_de_vendas
2026-09-20,QUA,Comum,10,4 queijos,1,,233.0,7016.0,17,2026-05-27,2026-09-16,0.03320980615735462,3.3209806157354618,participacao_historica_de_vendas
2026-09-20,QUA,Comum,11,Calabresa com queijo,1,,264.0,7016.0,17,2026-05-27,2026-09-16,0.037628278221208664,3.762827822120866,participacao_historica_de_vendas
2026-09-20,QUA,Comum,12,Calabresa com catupiri,1,,144.0,7016.0,17,2026-05-27,2026-09-16,0.020524515393386546,2.0524515393386547,participacao_historica_de_vendas
2026-09-20,QUA,Comum,13,Salame,1,,98.0,7016.0,17,2026-05-27,2026-09-16,0.013968072976054732,1.396807297605473,participacao_historica_de_vendas
2026-09-20,QUA,Comum,14,Escarola com bacon,1,,111.0,7016.0,17,2026-05-27,2026-09-16,0.01582098061573546,1.582098061573546,participacao_historica_de_vendas
2026-09-20,QUA,Comum,15,Escarola sem bacon,1,,27.0,7016.0,17,2026-05-27,2026-09-16,0.0038483466362599773,0.3848346636259977,participacao_historica_de_vendas
2026-09-20,QUA,Comum,16,Caipira,1,,274.0,7016.0,17,2026-05-27,2026-09-16,0.03905359179019384,3.905359179019384,participacao_historica_de_vendas
2026-09-20,QUA,Comum,17,Palmito,1,,208.0,7016.0,17,2026-05-27,2026-09-16,0.029646522234891677,2.9646522234891677,participacao_historica_de_vendas
2026-09-20,QUA,Comum,18,Camarão,1,,432.0,7016.0,17,2026-05-27,2026-09-16,0.06157354618015964,6.1573546180159635,participacao_historica_de_vendas
2026-09-20,QUA,Comum,19,Portuguesa,1,,201.0,7016.0,17,2026-05-27,2026-09-16,0.02864880273660205,2.864880273660205,participacao_historica_de_vendas
2026-09-20,QUA,Doce,25,Chocolate,1,,411.0,484.0,17,2026-05-27,2026-09-16,0.8491735537190083,84.91735537190083,participacao_historica_de_vendas
2026-09-20,QUA,Doce,26,Banana com chocolate,1,,43.0,484.0,17,2026-05-27,2026-09-16,0.08884297520661157,8.884297520661157,participacao_historica_de_vendas
2026-09-20,QUA,Doce,27,Banana com doce de leite,1,,30.0,484.0,17,2026-05-27,2026-09-16,0.06198347107438017,6.198347107438017,participacao_historica_de_vendas
2026-09-20,QUA,Especial,20,Especial de carne,1,,132.0,275.0,17,2026-05-27,2026-09-16,0.48,48.0,participacao_historica_de_vendas
2026-09-20,QUA,Especial,21,Especial de frango,1,,58.0,275.0,17,2026-05-27,2026-09-16,0.2109090909090909,21.09090909090909,participacao_historica_de_vendas
2026-09-20,QUA,Especial,22,Especial de calabresa,1,,25.0,275.0,17,2026-05-27,2026-09-16,0.09090909090909091,9.090909090909092,participacao_historica_de_vendas
2026-09-20,QUA,Especial,23,Especial de pizza,1,,32.0,275.0,17,2026-05-27,2026-09-16,0.11636363636363636,11.636363636363637,participacao_historica_de_vendas
2026-09-20,QUA,Especial,24,Especial de portuguesa,1,,28.0,275.0,17,2026-05-27,2026-09-16,0.10181818181818182,10.181818181818182,participacao_historica_de_vendas
2026-09-20,QUI,Comum,1,Carne,1,,1645.0,12570.0,17,2026-05-28,2026-09-17,0.13086714399363564,13.086714399363563,participacao_historica_de_vendas
2026-09-20,QUI,Comum,2,Carne com queijo,1,,2291.0,12570.0,17,2026-05-28,2026-09-17,0.1822593476531424,18.22593476531424,participacao_historica_de_vendas
2026-09-20,QUI,Comum,3,Carne com ovo,1,,287.0,12570.0,17,2026-05-28,2026-09-17,0.0228321400159109,2.28321400159109,participacao_historica_de_vendas
2026-09-20,QUI,Comum,4,Carne seca,1,,699.0,12570.0,17,2026-05-28,2026-09-17,0.055608591885441525,5.5608591885441525,participacao_historica_de_vendas
2026-09-20,QUI,Comum,5,Frango,1,,78.0,12570.0,17,2026-05-28,2026-09-17,0.006205250596658711,0.6205250596658711,participacao_historica_de_vendas
2026-09-20,QUI,Comum,6,Frango catupiri,1,,2801.0,12570.0,17,2026-05-28,2026-09-17,0.2228321400159109,22.28321400159109,participacao_historica_de_vendas
2026-09-20,QUI,Comum,7,Queijo,1,,975.0,12570.0,17,2026-05-28,2026-09-17,0.07756563245823389,7.756563245823389,participacao_historica_de_vendas
2026-09-20,QUI,Comum,8,Pizza,1,,1094.0,12570.0,17,2026-05-28,2026-09-17,0.08703261734287987,8.703261734287986,participacao_historica_de_vendas
2026-09-20,QUI,Comum,9,Bauru,1,,276.0,12570.0,17,2026-05-28,2026-09-17,0.021957040572792363,2.195704057279236,participacao_historica_de_vendas
2026-09-20,QUI,Comum,10,4 queijos,1,,297.0,12570.0,17,2026-05-28,2026-09-17,0.023627684964200476,2.3627684964200477,participacao_historica_de_vendas
2026-09-20,QUI,Comum,11,Calabresa com queijo,1,,332.0,12570.0,17,2026-05-28,2026-09-17,0.026412092283214002,2.6412092283214004,participacao_historica_de_vendas
2026-09-20,QUI,Comum,12,Calabresa com catupiri,1,,199.0,12570.0,17,2026-05-28,2026-09-17,0.01583134447096261,1.583134447096261,participacao_historica_de_vendas
2026-09-20,QUI,Comum,13,Salame,1,,121.0,12570.0,17,2026-05-28,2026-09-17,0.009626093874303899,0.9626093874303899,participacao_historica_de_vendas
2026-09-20,QUI,Comum,14,Escarola com bacon,1,,132.0,12570.0,17,2026-05-28,2026-09-17,0.010501193317422435,1.0501193317422435,participacao_historica_de_vendas
2026-09-20,QUI,Comum,15,Escarola sem bacon,1,,34.0,12570.0,17,2026-05-28,2026-09-17,0.0027048528241845663,0.27048528241845665,participacao_historica_de_vendas
2026-09-20,QUI,Comum,16,Caipira,1,,323.0,12570.0,17,2026-05-28,2026-09-17,0.02569610182975338,2.569610182975338,participacao_historica_de_vendas
2026-09-20,QUI,Comum,17,Palmito,1,,178.0,12570.0,17,2026-05-28,2026-09-17,0.014160700079554495,1.4160700079554496,participacao_historica_de_vendas
2026-09-20,QUI,Comum,18,Camarão,1,,542.0,12570.0,17,2026-05-28,2026-09-17,0.043118536197295144,4.311853619729514,participacao_historica_de_vendas
2026-09-20,QUI,Comum,19,Portuguesa,1,,266.0,12570.0,17,2026-05-28,2026-09-17,0.021161495624502785,2.1161495624502784,participacao_historica_de_vendas
2026-09-20,QUI,Doce,25,Chocolate,1,,163.0,216.0,17,2026-05-28,2026-09-17,0.7546296296296297,75.46296296296296,participacao_historica_de_vendas
2026-09-20,QUI,Doce,26,Banana com chocolate,1,,34.0,216.0,17,2026-05-28,2026-09-17,0.1574074074074074,15.74074074074074,participacao_historica_de_vendas
2026-09-20,QUI,Doce,27,Banana com doce de leite,1,,19.0,216.0,17,2026-05-28,2026-09-17,0.08796296296296297,8.796296296296296,participacao_historica_de_vendas
2026-09-20,QUI,Especial,20,Especial de carne,1,,434.0,760.0,17,2026-05-28,2026-09-17,0.5710526315789474,57.10526315789474,participacao_historica_de_vendas
2026-09-20,QUI,Especial,21,Especial de frango,1,,212.0,760.0,17,2026-05-28,2026-09-17,0.2789473684210526,27.89473684210526,participacao_historica_de_vendas
2026-09-20,QUI,Especial,22,Especial de calabresa,1,,36.0,760.0,17,2026-05-28,2026-09-17,0.04736842105263158,4.736842105263158,participacao_historica_de_vendas
2026-09-20,QUI,Especial,23,Especial de pizza,1,,36.0,760.0,17,2026-05-28,2026-09-17,0.04736842105263158,4.736842105263158,participacao_historica_de_vendas
2026-09-20,QUI,Especial,24,Especial de portuguesa,1,,42.0,760.0,17,2026-05-28,2026-09-17,0.05526315789473684,5.526315789473684,participacao_historica_de_vendas
2026-09-20,SAB_C,Comum,1,Carne,1,,1445.0,11358.0,17,2026-05-30,2026-09-19,0.1272231026589188,12.722310265891881,participacao_historica_de_vendas
2026-09-20,SAB_C,Comum,2,Carne com queijo,1,,1614.0,11358.0,17,2026-05-30,2026-09-19,0.1421024828314844,14.210248283148442,participacao_historica_de_vendas
2026-09-20,SAB_C,Comum,3,Carne com ovo,1,,334.0,11358.0,17,2026-05-30,2026-09-19,0.02940658566649058,2.940658566649058,participacao_historica_de_vendas
2026-09-20,SAB_C,Comum,4,Carne seca,1,,672.0,11358.0,17,2026-05-30,2026-09-19,0.05916534601162177,5.916534601162176,participacao_historica_de_vendas
2026-09-20,SAB_C,Comum,5,Frango,1,,112.0,11358.0,17,2026-05-30,2026-09-19,0.009860891001936961,0.9860891001936961,participacao_historica_de_vendas
2026-09-20,SAB_C,Comum,6,Frango catupiri,1,,2396.0,11358.0,17,2026-05-30,2026-09-19,0.21095263250572283,21.095263250572284,participacao_historica_de_vendas
2026-09-20,SAB_C,Comum,7,Queijo,1,,872.0,11358.0,17,2026-05-30,2026-09-19,0.07677407994365205,7.677407994365206,participacao_historica_de_vendas
2026-09-20,SAB_C,Comum,8,Pizza,1,,854.0,11358.0,17,2026-05-30,2026-09-19,0.07518929388976933,7.518929388976933,participacao_historica_de_vendas
2026-09-20,SAB_C,Comum,9,Bauru,1,,291.0,11358.0,17,2026-05-30,2026-09-19,0.025620707871104067,2.5620707871104065,participacao_historica_de_vendas
2026-09-20,SAB_C,Comum,10,4 queijos,1,,301.0,11358.0,17,2026-05-30,2026-09-19,0.02650114456770558,2.650114456770558,participacao_historica_de_vendas
2026-09-20,SAB_C,Comum,11,Calabresa com queijo,1,,333.0,11358.0,17,2026-05-30,2026-09-19,0.029318541996830427,2.931854199683043,participacao_historica_de_vendas
2026-09-20,SAB_C,Comum,12,Calabresa com catupiri,1,,188.0,11358.0,17,2026-05-30,2026-09-19,0.01655220989610847,1.655220989610847,participacao_historica_de_vendas
2026-09-20,SAB_C,Comum,13,Salame,1,,143.0,11358.0,17,2026-05-30,2026-09-19,0.012590244761401656,1.2590244761401657,participacao_historica_de_vendas
2026-09-20,SAB_C,Comum,14,Escarola com bacon,1,,158.0,11358.0,17,2026-05-30,2026-09-19,0.013910899806303927,1.3910899806303927,participacao_historica_de_vendas
2026-09-20,SAB_C,Comum,15,Escarola sem bacon,1,,61.0,11358.0,17,2026-05-30,2026-09-19,0.005370663849269238,0.5370663849269238,participacao_historica_de_vendas
2026-09-20,SAB_C,Comum,16,Caipira,1,,357.0,11358.0,17,2026-05-30,2026-09-19,0.03143159006867406,3.143159006867406,participacao_historica_de_vendas
2026-09-20,SAB_C,Comum,17,Palmito,1,,276.0,11358.0,17,2026-05-30,2026-09-19,0.024300052826201797,2.4300052826201797,participacao_historica_de_vendas
2026-09-20,SAB_C,Comum,18,Camarão,1,,621.0,11358.0,17,2026-05-30,2026-09-19,0.05467511885895404,5.467511885895404,participacao_historica_de_vendas
2026-09-20,SAB_C,Comum,19,Portuguesa,1,,330.0,11358.0,17,2026-05-30,2026-09-19,0.029054410987849975,2.9054410987849977,participacao_historica_de_vendas
2026-09-20,SAB_C,Doce,25,Chocolate,1,,131.0,183.0,17,2026-05-30,2026-09-19,0.7158469945355191,71.58469945355192,participacao_historica_de_vendas
2026-09-20,SAB_C,Doce,26,Banana com chocolate,1,,34.0,183.0,17,2026-05-30,2026-09-19,0.18579234972677597,18.579234972677597,participacao_historica_de_vendas
2026-09-20,SAB_C,Doce,27,Banana com doce de leite,1,,18.0,183.0,17,2026-05-30,2026-09-19,0.09836065573770492,9.836065573770492,participacao_historica_de_vendas
2026-09-20,SAB_C,Especial,20,Especial de carne,1,,364.0,638.0,17,2026-05-30,2026-09-19,0.5705329153605015,57.05329153605015,participacao_historica_de_vendas
2026-09-20,SAB_C,Especial,21,Especial de frango,1,,143.0,638.0,17,2026-05-30,2026-09-19,0.22413793103448276,22.413793103448278,participacao_historica_de_vendas
2026-09-20,SAB_C,Especial,22,Especial de calabresa,1,,43.0,638.0,17,2026-05-30,2026-09-19,0.06739811912225706,6.739811912225706,participacao_historica_de_vendas
2026-09-20,SAB_C,Especial,23,Especial de pizza,1,,40.0,638.0,17,2026-05-30,2026-09-19,0.06269592476489028,6.269592476489027,participacao_historica_de_vendas
2026-09-20,SAB_C,Especial,24,Especial de portuguesa,1,,48.0,638.0,17,2026-05-30,2026-09-19,0.07523510971786834,7.523510971786834,participacao_historica_de_vendas
2026-09-20,SAB_E,Comum,1,Carne,1,,1348.0,12470.0,17,2026-05-30,2026-09-19,0.10809943865276664,10.809943865276663,participacao_historica_de_vendas
2026-09-20,SAB_E,Comum,2,Carne com queijo,1,,2355.0,12470.0,17,2026-05-30,2026-09-19,0.1888532477947073,18.88532477947073,participacao_historica_de_vendas
2026-09-20,SAB_E,Comum,3,Carne com ovo,1,,330.0,12470.0,17,2026-05-30,2026-09-19,0.026463512429831595,2.6463512429831595,participacao_historica_de_vendas
2026-09-20,SAB_E,Comum,4,Carne seca,1,,673.0,12470.0,17,2026-05-30,2026-09-19,0.05396952686447474,5.396952686447474,participacao_historica_de_vendas
2026-09-20,SAB_E,Comum,5,Frango,0,Produto Frango não é comercializado nesta feira.,0.0,12470.0,0,,,0.0,0.0,participacao_historica_de_vendas
2026-09-20,SAB_E,Comum,6,Frango catupiri,1,,2767.0,12470.0,17,2026-05-30,2026-09-19,0.2218925421010425,22.189254210104252,participacao_historica_de_vendas
2026-09-20,SAB_E,Comum,7,Queijo,1,,963.0,12470.0,17,2026-05-30,2026-09-19,0.07722534081796312,7.7225340817963115,participacao_historica_de_vendas
2026-09-20,SAB_E,Comum,8,Pizza,1,,778.0,12470.0,17,2026-05-30,2026-09-19,0.0623897353648757,6.2389735364875705,participacao_historica_de_vendas
2026-09-20,SAB_E,Comum,9,Bauru,1,,315.0,12470.0,17,2026-05-30,2026-09-19,0.025260625501202887,2.5260625501202885,participacao_historica_de_vendas
2026-09-20,SAB_E,Comum,10,4 queijos,1,,320.0,12470.0,17,2026-05-30,2026-09-19,0.02566158781074579,2.566158781074579,participacao_historica_de_vendas
2026-09-20,SAB_E,Comum,11,Calabresa com queijo,1,,344.0,12470.0,17,2026-05-30,2026-09-19,0.027586206896551724,2.7586206896551726,participacao_historica_de_vendas
2026-09-20,SAB_E,Comum,12,Calabresa com catupiri,1,,199.0,12470.0,17,2026-05-30,2026-09-19,0.015958299919807538,1.5958299919807537,participacao_historica_de_vendas
2026-09-20,SAB_E,Comum,13,Salame,1,,154.0,12470.0,17,2026-05-30,2026-09-19,0.012349639133921411,1.234963913392141,participacao_historica_de_vendas
2026-09-20,SAB_E,Comum,14,Escarola com bacon,1,,154.0,12470.0,17,2026-05-30,2026-09-19,0.012349639133921411,1.234963913392141,participacao_historica_de_vendas
2026-09-20,SAB_E,Comum,15,Escarola sem bacon,0,Produto Escarola sem bacon não é comercializado nesta feira.,0.0,12470.0,0,,,0.0,0.0,participacao_historica_de_vendas
2026-09-20,SAB_E,Comum,16,Caipira,1,,353.0,12470.0,17,2026-05-30,2026-09-19,0.02830793905372895,2.8307939053728948,participacao_historica_de_vendas
2026-09-20,SAB_E,Comum,17,Palmito,1,,280.0,12470.0,17,2026-05-30,2026-09-19,0.022453889334402566,2.245388933440257,participacao_historica_de_vendas
2026-09-20,SAB_E,Comum,18,Camarão,1,,801.0,12470.0,17,2026-05-30,2026-09-19,0.06423416198877306,6.423416198877306,participacao_historica_de_vendas
2026-09-20,SAB_E,Comum,19,Portuguesa,1,,336.0,12470.0,17,2026-05-30,2026-09-19,0.02694466720128308,2.694466720128308,participacao_historica_de_vendas
2026-09-20,SAB_E,Doce,25,Chocolate,1,,161.0,204.0,17,2026-05-30,2026-09-19,0.7892156862745098,78.92156862745098,participacao_historica_de_vendas
2026-09-20,SAB_E,Doce,26,Banana com chocolate,1,,27.0,204.0,17,2026-05-30,2026-09-19,0.1323529411764706,13.23529411764706,participacao_historica_de_vendas
2026-09-20,SAB_E,Doce,27,Banana com doce de leite,1,,16.0,204.0,17,2026-05-30,2026-09-19,0.0784313725490196,7.8431372549019605,participacao_historica_de_vendas
2026-09-20,SAB_E,Especial,20,Especial de carne,1,,357.0,619.0,17,2026-05-30,2026-09-19,0.5767366720516963,57.67366720516963,participacao_historica_de_vendas
2026-09-20,SAB_E,Especial,21,Especial de frango,1,,134.0,619.0,17,2026-05-30,2026-09-19,0.21647819063004847,21.647819063004846,participacao_historica_de_vendas
2026-09-20,SAB_E,Especial,22,Especial de calabresa,1,,47.0,619.0,17,2026-05-30,2026-09-19,0.07592891760904685,7.592891760904685,participacao_historica_de_vendas
2026-09-20,SAB_E,Especial,23,Especial de pizza,1,,35.0,619.0,17,2026-05-30,2026-09-19,0.05654281098546042,5.654281098546042,participacao_historica_de_vendas
2026-09-20,SAB_E,Especial,24,Especial de portuguesa,1,,46.0,619.0,17,2026-05-30,2026-09-19,0.07431340872374798,7.431340872374798,participacao_historica_de_vendas
2026-09-20,DOM_C,Comum,1,Carne,1,,1997.0,16128.0,17,2026-05-31,2026-09-20,0.12382192460317461,12.38219246031746,participacao_historica_de_vendas
2026-09-20,DOM_C,Comum,2,Carne com queijo,1,,2988.0,16128.0,17,2026-05-31,2026-09-20,0.18526785714285715,18.526785714285715,participacao_historica_de_vendas
2026-09-20,DOM_C,Comum,3,Carne com ovo,1,,557.0,16128.0,17,2026-05-31,2026-09-20,0.03453621031746032,3.453621031746032,participacao_historica_de_vendas
2026-09-20,DOM_C,Comum,4,Carne seca,1,,980.0,16128.0,17,2026-05-31,2026-09-20,0.06076388888888889,6.076388888888888,participacao_historica_de_vendas
2026-09-20,DOM_C,Comum,5,Frango,1,,110.0,16128.0,17,2026-05-31,2026-09-20,0.006820436507936508,0.6820436507936508,participacao_historica_de_vendas
2026-09-20,DOM_C,Comum,6,Frango catupiri,1,,3593.0,16128.0,17,2026-05-31,2026-09-20,0.22278025793650794,22.278025793650794,participacao_historica_de_vendas
2026-09-20,DOM_C,Comum,7,Queijo,1,,1249.0,16128.0,17,2026-05-31,2026-09-20,0.07744295634920635,7.744295634920635,participacao_historica_de_vendas
2026-09-20,DOM_C,Comum,8,Pizza,1,,1001.0,16128.0,17,2026-05-31,2026-09-20,0.062065972222222224,6.206597222222222,participacao_historica_de_vendas
2026-09-20,DOM_C,Comum,9,Bauru,1,,324.0,16128.0,17,2026-05-31,2026-09-20,0.020089285714285716,2.0089285714285716,participacao_historica_de_vendas
2026-09-20,DOM_C,Comum,10,4 queijos,1,,316.0,16128.0,17,2026-05-31,2026-09-20,0.019593253968253968,1.9593253968253967,participacao_historica_de_vendas
2026-09-20,DOM_C,Comum,11,Calabresa com queijo,1,,444.0,16128.0,17,2026-05-31,2026-09-20,0.027529761904761904,2.7529761904761902,participacao_historica_de_vendas
2026-09-20,DOM_C,Comum,12,Calabresa com catupiri,1,,233.0,16128.0,17,2026-05-31,2026-09-20,0.014446924603174604,1.4446924603174605,participacao_historica_de_vendas
2026-09-20,DOM_C,Comum,13,Salame,1,,154.0,16128.0,17,2026-05-31,2026-09-20,0.009548611111111112,0.9548611111111112,participacao_historica_de_vendas
2026-09-20,DOM_C,Comum,14,Escarola com bacon,1,,156.0,16128.0,17,2026-05-31,2026-09-20,0.009672619047619048,0.9672619047619048,participacao_historica_de_vendas
2026-09-20,DOM_C,Comum,15,Escarola sem bacon,1,,61.0,16128.0,17,2026-05-31,2026-09-20,0.0037822420634920635,0.37822420634920634,participacao_historica_de_vendas
2026-09-20,DOM_C,Comum,16,Caipira,1,,401.0,16128.0,17,2026-05-31,2026-09-20,0.024863591269841268,2.486359126984127,participacao_historica_de_vendas
2026-09-20,DOM_C,Comum,17,Palmito,1,,209.0,16128.0,17,2026-05-31,2026-09-20,0.012958829365079366,1.2958829365079365,participacao_historica_de_vendas
2026-09-20,DOM_C,Comum,18,Camarão,1,,933.0,16128.0,17,2026-05-31,2026-09-20,0.057849702380952384,5.784970238095238,participacao_historica_de_vendas
2026-09-20,DOM_C,Comum,19,Portuguesa,1,,422.0,16128.0,17,2026-05-31,2026-09-20,0.026165674603174604,2.6165674603174605,participacao_historica_de_vendas
2026-09-20,DOM_C,Doce,25,Chocolate,1,,157.0,217.0,17,2026-05-31,2026-09-20,0.7235023041474654,72.35023041474655,participacao_historica_de_vendas
2026-09-20,DOM_C,Doce,26,Banana com chocolate,1,,36.0,217.0,17,2026-05-31,2026-09-20,0.16589861751152074,16.589861751152075,participacao_historica_de_vendas
2026-09-20,DOM_C,Doce,27,Banana com doce de leite,1,,24.0,217.0,17,2026-05-31,2026-09-20,0.11059907834101383,11.059907834101383,participacao_historica_de_vendas
2026-09-20,DOM_C,Especial,20,Especial de carne,1,,518.0,949.0,17,2026-05-31,2026-09-20,0.5458377239199157,54.58377239199157,participacao_historica_de_vendas
2026-09-20,DOM_C,Especial,21,Especial de frango,1,,279.0,949.0,17,2026-05-31,2026-09-20,0.2939936775553214,29.39936775553214,participacao_historica_de_vendas
2026-09-20,DOM_C,Especial,22,Especial de calabresa,1,,50.0,949.0,17,2026-05-31,2026-09-20,0.05268703898840885,5.268703898840886,participacao_historica_de_vendas
2026-09-20,DOM_C,Especial,23,Especial de pizza,1,,50.0,949.0,17,2026-05-31,2026-09-20,0.05268703898840885,5.268703898840886,participacao_historica_de_vendas
2026-09-20,DOM_C,Especial,24,Especial de portuguesa,1,,52.0,949.0,17,2026-05-31,2026-09-20,0.0547945205479452,5.47945205479452,participacao_historica_de_vendas
2026-09-20,DOM_E,Comum,1,Carne,1,,1013.0,9792.0,17,2026-05-31,2026-09-20,0.10345179738562091,10.345179738562091,participacao_historica_de_vendas
2026-09-20,DOM_E,Comum,2,Carne com queijo,1,,1592.0,9792.0,17,2026-05-31,2026-09-20,0.16258169934640523,16.258169934640524,participacao_historica_de_vendas
2026-09-20,DOM_E,Comum,3,Carne com ovo,1,,338.0,9792.0,17,2026-05-31,2026-09-20,0.03451797385620915,3.451797385620915,participacao_historica_de_vendas
2026-09-20,DOM_E,Comum,4,Carne seca,1,,545.0,9792.0,17,2026-05-31,2026-09-20,0.05565767973856209,5.565767973856209,participacao_historica_de_vendas
2026-09-20,DOM_E,Comum,5,Frango,0,Produto Frango não é comercializado nesta feira.,0.0,9792.0,0,,,0.0,0.0,participacao_historica_de_vendas
2026-09-20,DOM_E,Comum,6,Frango catupiri,1,,1975.0,9792.0,17,2026-05-31,2026-09-20,0.2016952614379085,20.16952614379085,participacao_historica_de_vendas
2026-09-20,DOM_E,Comum,7,Queijo,1,,717.0,9792.0,17,2026-05-31,2026-09-20,0.07322303921568628,7.322303921568627,participacao_historica_de_vendas
2026-09-20,DOM_E,Comum,8,Pizza,1,,667.0,9792.0,17,2026-05-31,2026-09-20,0.06811683006535947,6.811683006535947,participacao_historica_de_vendas
2026-09-20,DOM_E,Comum,9,Bauru,1,,249.0,9792.0,17,2026-05-31,2026-09-20,0.02542892156862745,2.542892156862745,participacao_historica_de_vendas
2026-09-20,DOM_E,Comum,10,4 queijos,1,,255.0,9792.0,17,2026-05-31,2026-09-20,0.026041666666666668,2.604166666666667,participacao_historica_de_vendas
2026-09-20,DOM_E,Comum,11,Calabresa com queijo,1,,344.0,9792.0,17,2026-05-31,2026-09-20,0.035130718954248366,3.5130718954248366,participacao_historica_de_vendas
2026-09-20,DOM_E,Comum,12,Calabresa com catupiri,1,,246.0,9792.0,17,2026-05-31,2026-09-20,0.025122549019607844,2.5122549019607843,participacao_historica_de_vendas
2026-09-20,DOM_E,Comum,13,Salame,1,,133.0,9792.0,17,2026-05-31,2026-09-20,0.013582516339869281,1.3582516339869282,participacao_historica_de_vendas
2026-09-20,DOM_E,Comum,14,Escarola com bacon,1,,128.0,9792.0,17,2026-05-31,2026-09-20,0.013071895424836602,1.3071895424836601,participacao_historica_de_vendas
2026-09-20,DOM_E,Comum,15,Escarola sem bacon,0,Produto Escarola sem bacon não é comercializado nesta feira.,0.0,9792.0,0,,,0.0,0.0,participacao_historica_de_vendas
2026-09-20,DOM_E,Comum,16,Caipira,1,,395.0,9792.0,17,2026-05-31,2026-09-20,0.0403390522875817,4.0339052287581705,participacao_historica_de_vendas
2026-09-20,DOM_E,Comum,17,Palmito,1,,174.0,9792.0,17,2026-05-31,2026-09-20,0.017769607843137254,1.7769607843137254,participacao_historica_de_vendas
2026-09-20,DOM_E,Comum,18,Camarão,1,,621.0,9792.0,17,2026-05-31,2026-09-20,0.06341911764705882,6.341911764705882,participacao_historica_de_vendas
2026-09-20,DOM_E,Comum,19,Portuguesa,1,,400.0,9792.0,17,2026-05-31,2026-09-20,0.04084967320261438,4.084967320261438,participacao_historica_de_vendas
2026-09-20,DOM_E,Doce,25,Chocolate,1,,122.0,141.0,17,2026-05-31,2026-09-20,0.8652482269503546,86.52482269503547,participacao_historica_de_vendas
2026-09-20,DOM_E,Doce,26,Banana com chocolate,1,,11.0,141.0,17,2026-05-31,2026-09-20,0.07801418439716312,7.801418439716312,participacao_historica_de_vendas
2026-09-20,DOM_E,Doce,27,Banana com doce de leite,1,,8.0,141.0,17,2026-05-31,2026-09-20,0.05673758865248227,5.673758865248227,participacao_historica_de_vendas
2026-09-20,DOM_E,Especial,20,Especial de carne,1,,351.0,643.0,17,2026-05-31,2026-09-20,0.5458786936236392,54.58786936236392,participacao_historica_de_vendas
2026-09-20,DOM_E,Especial,21,Especial de frango,1,,152.0,643.0,17,2026-05-31,2026-09-20,0.2363919129082426,23.63919129082426,participacao_historica_de_vendas
2026-09-20,DOM_E,Especial,22,Especial de calabresa,1,,41.0,643.0,17,2026-05-31,2026-09-20,0.06376360808709176,6.376360808709176,participacao_historica_de_vendas
2026-09-20,DOM_E,Especial,23,Especial de pizza,1,,37.0,643.0,17,2026-05-31,2026-09-20,0.05754276827371695,5.7542768273716955,participacao_historica_de_vendas
2026-09-20,DOM_E,Especial,24,Especial de portuguesa,1,,62.0,643.0,17,2026-05-31,2026-09-20,0.09642301710730948,9.642301710730948,participacao_historica_de_vendas
