data_corte,data_producao_prevista,data_venda_prevista,grupo_producao,dia_producao,feira,categoria,id_produto,produto,produto_permitido,motivo_restricao,previsao_produto,recomendacao_continua,recomendacao_piso,parte_decimal_recomendacao,ajuste_maior_resto_recomendacao,recomendacao_producao,reducao_em_relacao_previsao,percentual_atendimento_produto,fator_atendimento_continuo,capacidade_estimada_grupo,fonte_capacidade,metodo_otimizacao,algoritmo_solver,modelo_previsao_categoria,nome_modelo_previsao_categoria,participacao_percentual
2026-10-04,2026-10-06,2026-10-07,TERCA_QUA,terça-feira,QUA,Comum,1,Carne,1,,48,48.0,48,0.0,0,48,0,100.0,1.0,610,historical_max,programacao_linear,highs-ds,mlp_global,MLP global,11.500254712175243
2026-10-04,2026-10-06,2026-10-07,TERCA_QUA,terça-feira,QUA,Comum,2,Carne com queijo,1,,57,57.0,57,0.0,0,57,0,100.0,1.0,610,historical_max,programacao_linear,highs-ds,mlp_global,MLP global,13.550687722873153
2026-10-04,2026-10-06,2026-10-07,TERCA_QUA,terça-feira,QUA,Comum,3,Carne com ovo,1,,12,12.0,12,0.0,0,12,0,100.0,1.0,610,historical_max,programacao_linear,highs-ds,mlp_global,MLP global,2.967396841569027
2026-10-04,2026-10-06,2026-10-07,TERCA_QUA,terça-feira,QUA,Comum,4,Carne seca,1,,24,24.0,24,0.0,0,24,0,100.0,1.0,610,historical_max,programacao_linear,highs-ds,mlp_global,MLP global,5.629139072847682
2026-10-04,2026-10-06,2026-10-07,TERCA_QUA,terça-feira,QUA,Comum,5,Frango,1,,3,3.0,3,0.0,0,3,0,100.0,1.0,610,historical_max,programacao_linear,highs-ds,mlp_global,MLP global,0.6622516556291391
2026-10-04,2026-10-06,2026-10-07,TERCA_QUA,terça-feira,QUA,Comum,6,Frango catupiri,1,,67,67.0,67,0.0,0,67,0,100.0,1.0,610,historical_max,programacao_linear,highs-ds,mlp_global,MLP global,15.843097300050943
2026-10-04,2026-10-06,2026-10-07,TERCA_QUA,terça-feira,QUA,Comum,7,Queijo,1,,40,40.0,40,0.0,0,40,0,100.0,1.0,610,historical_max,programacao_linear,highs-ds,mlp_global,MLP global,9.437086092715232
2026-10-04,2026-10-06,2026-10-07,TERCA_QUA,terça-feira,QUA,Comum,8,Pizza,1,,38,38.0,38,0.0,0,38,0,100.0,1.0,610,historical_max,programacao_linear,highs-ds,mlp_global,MLP global,9.016811003565971
2026-10-04,2026-10-06,2026-10-07,TERCA_QUA,terça-feira,QUA,Comum,9,Bauru,1,,13,13.0,13,0.0,0,13,0,100.0,1.0,610,historical_max,programacao_linear,highs-ds,mlp_global,MLP global,3.0438104941416197
2026-10-04,2026-10-06,2026-10-07,TERCA_QUA,terça-feira,QUA,Comum,10,4 queijos,1,,14,14.0,14,0.0,0,14,0,100.0,1.0,610,historical_max,programacao_linear,highs-ds,mlp_global,MLP global,3.2985226693835967
2026-10-04,2026-10-06,2026-10-07,TERCA_QUA,terça-feira,QUA,Comum,11,Calabresa com queijo,1,,16,16.0,16,0.0,0,16,0,100.0,1.0,610,historical_max,programacao_linear,highs-ds,mlp_global,MLP global,3.7952114111054507
2026-10-04,2026-10-06,2026-10-07,TERCA_QUA,terça-feira,QUA,Comum,12,Calabresa com catupiri,1,,9,9.0,9,0.0,0,9,0,100.0,1.0,610,historical_max,programacao_linear,highs-ds,mlp_global,MLP global,2.088639836984208
2026-10-04,2026-10-06,2026-10-07,TERCA_QUA,terça-feira,QUA,Comum,13,Salame,1,,6,6.0,6,0.0,0,6,0,100.0,1.0,610,historical_max,programacao_linear,highs-ds,mlp_global,MLP global,1.3754457463066736
2026-10-04,2026-10-06,2026-10-07,TERCA_QUA,terça-feira,QUA,Comum,14,Escarola com bacon,1,,7,7.0,7,0.0,0,7,0,100.0,1.0,610,historical_max,programacao_linear,highs-ds,mlp_global,MLP global,1.5792154865002548
2026-10-04,2026-10-06,2026-10-07,TERCA_QUA,terça-feira,QUA,Comum,15,Escarola sem bacon,1,,2,2.0,2,0.0,0,2,0,100.0,1.0,610,historical_max,programacao_linear,highs-ds,mlp_global,MLP global,0.38206826286296486
2026-10-04,2026-10-06,2026-10-07,TERCA_QUA,terça-feira,QUA,Comum,16,Caipira,1,,16,16.0,16,0.0,0,16,0,100.0,1.0,610,historical_max,programacao_linear,highs-ds,mlp_global,MLP global,3.922567498726439
2026-10-04,2026-10-06,2026-10-07,TERCA_QUA,terça-feira,QUA,Comum,17,Palmito,1,,12,12.0,12,0.0,0,12,0,100.0,1.0,610,historical_max,programacao_linear,highs-ds,mlp_global,MLP global,2.980132450331126
2026-10-04,2026-10-06,2026-10-07,TERCA_QUA,terça-feira,QUA,Comum,18,Camarão,1,,26,26.0,26,0.0,0,26,0,100.0,1.0,610,historical_max,programacao_linear,highs-ds,mlp_global,MLP global,6.0876209882832395
2026-10-04,2026-10-06,2026-10-07,TERCA_QUA,terça-feira,QUA,Comum,19,Portuguesa,1,,12,12.0,12,0.0,0,12,0,100.0,1.0,610,historical_max,programacao_linear,highs-ds,mlp_global,MLP global,2.840040753948039
2026-10-04,2026-10-06,2026-10-07,TERCA_QUA,terça-feira,QUA,Doce,25,Chocolate,1,,25,25.0,25,0.0,0,25,0,100.0,1.0,610,historical_max,programacao_linear,highs-ds,mlp_global,MLP global,84.87084870848709
2026-10-04,2026-10-06,2026-10-07,TERCA_QUA,terça-feira,QUA,Doce,26,Banana com chocolate,1,,2,2.0,2,0.0,0,2,0,100.0,1.0,610,historical_max,programacao_linear,highs-ds,mlp_global,MLP global,8.856088560885608
2026-10-04,2026-10-06,2026-10-07,TERCA_QUA,terça-feira,QUA,Doce,27,Banana com doce de leite,1,,2,2.0,2,0.0,0,2,0,100.0,1.0,610,historical_max,programacao_linear,highs-ds,mlp_global,MLP global,6.273062730627306
2026-10-04,2026-10-06,2026-10-07,TERCA_QUA,terça-feira,QUA,Especial,20,Especial de carne,1,,6,6.0,6,0.0,0,6,0,100.0,1.0,610,historical_max,programacao_linear,highs-ds,mlp_global,MLP global,49.35064935064935
2026-10-04,2026-10-06,2026-10-07,TERCA_QUA,terça-feira,QUA,Especial,21,Especial de frango,1,,3,3.0,3,0.0,0,3,0,100.0,1.0,610,historical_max,programacao_linear,highs-ds,mlp_global,MLP global,20.12987012987013
2026-10-04,2026-10-06,2026-10-07,TERCA_QUA,terça-feira,QUA,Especial,22,Especial de calabresa,1,,1,1.0,1,0.0,0,1,0,100.0,1.0,610,historical_max,programacao_linear,highs-ds,mlp_global,MLP global,9.415584415584416
2026-10-04,2026-10-06,2026-10-07,TERCA_QUA,terça-feira,QUA,Especial,23,Especial de pizza,1,,2,2.0,2,0.0,0,2,0,100.0,1.0,610,historical_max,programacao_linear,highs-ds,mlp_global,MLP global,11.03896103896104
2026-10-04,2026-10-06,2026-10-07,TERCA_QUA,terça-feira,QUA,Especial,24,Especial de portuguesa,1,,1,1.0,1,0.0,0,1,0,100.0,1.0,610,historical_max,programacao_linear,highs-ds,mlp_global,MLP global,10.064935064935066
2026-10-04,2026-10-07,2026-10-08,QUARTA_QUI,quarta-feira,QUI,Comum,1,Carne,1,,90,90.0,90,0.0,0,90,0,100.0,1.0,1448,historical_max,programacao_linear,highs-ds,mlp_global,MLP global,13.091065169182345
2026-10-04,2026-10-07,2026-10-08,QUARTA_QUI,quarta-feira,QUI,Comum,2,Carne com queijo,1,,127,127.0,127,0.0,0,127,0,100.0,1.0,1448,historical_max,programacao_linear,highs-ds,mlp_global,MLP global,18.45625581228986
2026-10-04,2026-10-07,2026-10-08,QUARTA_QUI,quarta-feira,QUI,Comum,3,Carne com ovo,1,,15,15.0,15,0.0,0,15,0,100.0,1.0,1448,historical_max,programacao_linear,highs-ds,mlp_global,MLP global,2.260533657629301
2026-10-04,2026-10-07,2026-10-08,QUARTA_QUI,quarta-feira,QUI,Comum,4,Carne seca,1,,38,38.0,38,0.0,0,38,0,100.0,1.0,1448,historical_max,programacao_linear,highs-ds,mlp_global,MLP global,5.5726446813076755
2026-10-04,2026-10-07,2026-10-08,QUARTA_QUI,quarta-feira,QUI,Comum,5,Frango,1,,4,4.0,4,0.0,0,4,0,100.0,1.0,1448,historical_max,programacao_linear,highs-ds,mlp_global,MLP global,0.6152085270763288
2026-10-04,2026-10-07,2026-10-08,QUARTA_QUI,quarta-feira,QUI,Comum,6,Frango catupiri,1,,153,153.0,153,0.0,0,153,0,100.0,1.0,1448,historical_max,programacao_linear,highs-ds,mlp_global,MLP global,22.32634666285142
2026-10-04,2026-10-07,2026-10-08,QUARTA_QUI,quarta-feira,QUI,Comum,7,Queijo,1,,53,53.0,53,0.0,0,53,0,100.0,1.0,1448,historical_max,programacao_linear,highs-ds,mlp_global,MLP global,7.768796051219687
2026-10-04,2026-10-07,2026-10-08,QUARTA_QUI,quarta-feira,QUI,Comum,8,Pizza,1,,59,59.0,59,0.0,0,59,0,100.0,1.0,1448,historical_max,programacao_linear,highs-ds,mlp_global,MLP global,8.577151441447887
2026-10-04,2026-10-07,2026-10-08,QUARTA_QUI,quarta-feira,QUI,Comum,9,Bauru,1,,15,15.0,15,0.0,0,15,0,100.0,1.0,1448,historical_max,programacao_linear,highs-ds,mlp_global,MLP global,2.1246154946705773
2026-10-04,2026-10-07,2026-10-08,QUARTA_QUI,quarta-feira,QUI,Comum,10,4 queijos,1,,16,16.0,16,0.0,0,16,0,100.0,1.0,1448,historical_max,programacao_linear,highs-ds,mlp_global,MLP global,2.296301595250018
2026-10-04,2026-10-07,2026-10-08,QUARTA_QUI,quarta-feira,QUI,Comum,11,Calabresa com queijo,1,,18,18.0,18,0.0,0,18,0,100.0,1.0,1448,historical_max,programacao_linear,highs-ds,mlp_global,MLP global,2.6468273839330427
2026-10-04,2026-10-07,2026-10-08,QUARTA_QUI,quarta-feira,QUI,Comum,12,Calabresa com catupiri,1,,11,11.0,11,0.0,0,11,0,100.0,1.0,1448,historical_max,programacao_linear,highs-ds,mlp_global,MLP global,1.559482080263252
2026-10-04,2026-10-07,2026-10-08,QUARTA_QUI,quarta-feira,QUI,Comum,13,Salame,1,,7,7.0,7,0.0,0,7,0,100.0,1.0,1448,historical_max,programacao_linear,highs-ds,mlp_global,MLP global,0.9657343157593532
2026-10-04,2026-10-07,2026-10-08,QUARTA_QUI,quarta-feira,QUI,Comum,14,Escarola com bacon,1,,7,7.0,7,0.0,0,7,0,100.0,1.0,1448,historical_max,programacao_linear,highs-ds,mlp_global,MLP global,1.0444237785249302
2026-10-04,2026-10-07,2026-10-08,QUARTA_QUI,quarta-feira,QUI,Comum,15,Escarola sem bacon,1,,2,2.0,2,0.0,0,2,0,100.0,1.0,1448,historical_max,programacao_linear,highs-ds,mlp_global,MLP global,0.26468273839330425
2026-10-04,2026-10-07,2026-10-08,QUARTA_QUI,quarta-feira,QUI,Comum,16,Caipira,1,,18,18.0,18,0.0,0,18,0,100.0,1.0,1448,historical_max,programacao_linear,highs-ds,mlp_global,MLP global,2.582445096215752
2026-10-04,2026-10-07,2026-10-08,QUARTA_QUI,quarta-feira,QUI,Comum,17,Palmito,1,,10,10.0,10,0.0,0,10,0,100.0,1.0,1448,historical_max,programacao_linear,highs-ds,mlp_global,MLP global,1.4307175048286715
2026-10-04,2026-10-07,2026-10-08,QUARTA_QUI,quarta-feira,QUI,Comum,18,Camarão,1,,30,30.0,30,0.0,0,30,0,100.0,1.0,1448,historical_max,programacao_linear,highs-ds,mlp_global,MLP global,4.306459689534301
2026-10-04,2026-10-07,2026-10-08,QUARTA_QUI,quarta-feira,QUI,Comum,19,Portuguesa,1,,14,14.0,14,0.0,0,14,0,100.0,1.0,1448,historical_max,programacao_linear,highs-ds,mlp_global,MLP global,2.1103083196222903
2026-10-04,2026-10-07,2026-10-08,QUARTA_QUI,quarta-feira,QUI,Doce,25,Chocolate,1,,8,8.0,8,0.0,0,8,0,100.0,1.0,1448,historical_max,programacao_linear,highs-ds,mlp_global,MLP global,75.41666666666667
2026-10-04,2026-10-07,2026-10-08,QUARTA_QUI,quarta-feira,QUI,Doce,26,Banana com chocolate,1,,2,2.0,2,0.0,0,2,0,100.0,1.0,1448,historical_max,programacao_linear,highs-ds,mlp_global,MLP global,15.833333333333332
2026-10-04,2026-10-07,2026-10-08,QUARTA_QUI,quarta-feira,QUI,Doce,27,Banana com doce de leite,1,,1,1.0,1,0.0,0,1,0,100.0,1.0,1448,historical_max,programacao_linear,highs-ds,mlp_global,MLP global,8.75
2026-10-04,2026-10-07,2026-10-08,QUARTA_QUI,quarta-feira,QUI,Especial,20,Especial de carne,1,,17,17.0,17,0.0,0,17,0,100.0,1.0,1448,historical_max,programacao_linear,highs-ds,mlp_global,MLP global,57.564575645756456
2026-10-04,2026-10-07,2026-10-08,QUARTA_QUI,quarta-feira,QUI,Especial,21,Especial de frango,1,,8,8.0,8,0.0,0,8,0,100.0,1.0,1448,historical_max,programacao_linear,highs-ds,mlp_global,MLP global,27.552275522755227
2026-10-04,2026-10-07,2026-10-08,QUARTA_QUI,quarta-feira,QUI,Especial,22,Especial de calabresa,1,,1,1.0,1,0.0,0,1,0,100.0,1.0,1448,historical_max,programacao_linear,highs-ds,mlp_global,MLP global,4.797047970479705
2026-10-04,2026-10-07,2026-10-08,QUARTA_QUI,quarta-feira,QUI,Especial,23,Especial de pizza,1,,1,1.0,1,0.0,0,1,0,100.0,1.0,1448,historical_max,programacao_linear,highs-ds,mlp_global,MLP global,4.674046740467404
2026-10-04,2026-10-07,2026-10-08,QUARTA_QUI,quarta-feira,QUI,Especial,24,Especial de portuguesa,1,,2,2.0,2,0.0,0,2,0,100.0,1.0,1448,historical_max,programacao_linear,highs-ds,mlp_global,MLP global,5.412054120541206
2026-10-04,2026-10-09,2026-10-10,SEXTA_SABADOS,sexta-feira,SAB_C,Comum,1,Carne,1,,108,108.0,108,0.0,0,108,0,100.0,1.0,1780,historical_max,programacao_linear,highs-ds,mlp_global,MLP global,12.843609256095668
2026-10-04,2026-10-09,2026-10-10,SEXTA_SABADOS,sexta-feira,SAB_C,Comum,2,Carne com queijo,1,,122,122.0,122,0.0,0,122,0,100.0,1.0,1780,historical_max,programacao_linear,highs-ds,mlp_global,MLP global,14.489827612983383
2026-10-04,2026-10-09,2026-10-10,SEXTA_SABADOS,sexta-feira,SAB_C,Comum,3,Carne com ovo,1,,24,24.0,24,0.0,0,24,0,100.0,1.0,1780,historical_max,programacao_linear,highs-ds,mlp_global,MLP global,2.904177667339649
2026-10-04,2026-10-09,2026-10-10,SEXTA_SABADOS,sexta-feira,SAB_C,Comum,4,Carne seca,1,,49,49.0,49,0.0,0,49,0,100.0,1.0,1780,historical_max,programacao_linear,highs-ds,mlp_global,MLP global,5.847181239322876
2026-10-04,2026-10-09,2026-10-10,SEXTA_SABADOS,sexta-feira,SAB_C,Comum,5,Frango,1,,8,8.0,8,0.0,0,8,0,100.0,1.0,1780,historical_max,programacao_linear,highs-ds,mlp_global,MLP global,0.9939431588756018
2026-10-04,2026-10-09,2026-10-10,SEXTA_SABADOS,sexta-feira,SAB_C,Comum,6,Frango catupiri,1,,177,177.0,177,0.0,0,177,0,100.0,1.0,1780,historical_max,programacao_linear,highs-ds,mlp_global,MLP global,20.981518869389657
2026-10-04,2026-10-09,2026-10-10,SEXTA_SABADOS,sexta-feira,SAB_C,Comum,7,Queijo,1,,64,64.0,64,0.0,0,64,0,100.0,1.0,1780,historical_max,programacao_linear,highs-ds,mlp_global,MLP global,7.633172852927474
2026-10-04,2026-10-09,2026-10-10,SEXTA_SABADOS,sexta-feira,SAB_C,Comum,8,Pizza,1,,64,64.0,64,0.0,0,64,0,100.0,1.0,1780,historical_max,programacao_linear,highs-ds,mlp_global,MLP global,7.563286224569032
2026-10-04,2026-10-09,2026-10-10,SEXTA_SABADOS,sexta-feira,SAB_C,Comum,9,Bauru,1,,22,22.0,22,0.0,0,22,0,100.0,1.0,1780,historical_max,programacao_linear,highs-ds,mlp_global,MLP global,2.5780400683335922
2026-10-04,2026-10-09,2026-10-10,SEXTA_SABADOS,sexta-feira,SAB_C,Comum,10,4 queijos,1,,22,22.0,22,0.0,0,22,0,100.0,1.0,1780,historical_max,programacao_linear,highs-ds,mlp_global,MLP global,2.647926696692033
2026-10-04,2026-10-09,2026-10-10,SEXTA_SABADOS,sexta-feira,SAB_C,Comum,11,Calabresa com queijo,1,,25,25.0,25,0.0,0,25,0,100.0,1.0,1780,historical_max,programacao_linear,highs-ds,mlp_global,MLP global,2.97406429569809
2026-10-04,2026-10-09,2026-10-10,SEXTA_SABADOS,sexta-feira,SAB_C,Comum,12,Calabresa com catupiri,1,,14,14.0,14,0.0,0,14,0,100.0,1.0,1780,historical_max,programacao_linear,highs-ds,mlp_global,MLP global,1.6306879950302844
2026-10-04,2026-10-09,2026-10-10,SEXTA_SABADOS,sexta-feira,SAB_C,Comum,13,Salame,1,,11,11.0,11,0.0,0,11,0,100.0,1.0,1780,historical_max,programacao_linear,highs-ds,mlp_global,MLP global,1.2657244913806491
2026-10-04,2026-10-09,2026-10-10,SEXTA_SABADOS,sexta-feira,SAB_C,Comum,14,Escarola com bacon,1,,12,12.0,12,0.0,0,12,0,100.0,1.0,1780,historical_max,programacao_linear,highs-ds,mlp_global,MLP global,1.3822022053113838
2026-10-04,2026-10-09,2026-10-10,SEXTA_SABADOS,sexta-feira,SAB_C,Comum,15,Escarola sem bacon,1,,5,5.0,5,0.0,0,5,0,100.0,1.0,1780,historical_max,programacao_linear,highs-ds,mlp_global,MLP global,0.5357974840813791
2026-10-04,2026-10-09,2026-10-10,SEXTA_SABADOS,sexta-feira,SAB_C,Comum,16,Caipira,1,,26,26.0,26,0.0,0,26,0,100.0,1.0,1780,historical_max,programacao_linear,highs-ds,mlp_global,MLP global,3.082776828700109
2026-10-04,2026-10-09,2026-10-10,SEXTA_SABADOS,sexta-feira,SAB_C,Comum,17,Palmito,1,,20,20.0,20,0.0,0,20,0,100.0,1.0,1780,historical_max,programacao_linear,highs-ds,mlp_global,MLP global,2.3761453641869856
2026-10-04,2026-10-09,2026-10-10,SEXTA_SABADOS,sexta-feira,SAB_C,Comum,18,Camarão,1,,45,45.0,45,0.0,0,45,0,100.0,1.0,1780,historical_max,programacao_linear,highs-ds,mlp_global,MLP global,5.3968007454573685
2026-10-04,2026-10-09,2026-10-10,SEXTA_SABADOS,sexta-feira,SAB_C,Comum,19,Portuguesa,1,,24,24.0,24,0.0,0,24,0,100.0,1.0,1780,historical_max,programacao_linear,highs-ds,mlp_global,MLP global,2.8731169436247863
2026-10-04,2026-10-09,2026-10-10,SEXTA_SABADOS,sexta-feira,SAB_C,Doce,25,Chocolate,1,,7,7.0,7,0.0,0,7,0,100.0,1.0,1780,historical_max,programacao_linear,highs-ds,mlp_global,MLP global,71.70731707317073
2026-10-04,2026-10-09,2026-10-10,SEXTA_SABADOS,sexta-feira,SAB_C,Doce,26,Banana com chocolate,1,,2,2.0,2,0.0,0,2,0,100.0,1.0,1780,historical_max,programacao_linear,highs-ds,mlp_global,MLP global,18.536585365853657
2026-10-04,2026-10-09,2026-10-10,SEXTA_SABADOS,sexta-feira,SAB_C,Doce,27,Banana com doce de leite,1,,1,1.0,1,0.0,0,1,0,100.0,1.0,1780,historical_max,programacao_linear,highs-ds,mlp_global,MLP global,9.75609756097561
2026-10-04,2026-10-09,2026-10-10,SEXTA_SABADOS,sexta-feira,SAB_C,Especial,20,Especial de carne,1,,18,18.0,18,0.0,0,18,0,100.0,1.0,1780,historical_max,programacao_linear,highs-ds,mlp_global,MLP global,57.14285714285714
2026-10-04,2026-10-09,2026-10-10,SEXTA_SABADOS,sexta-feira,SAB_C,Especial,21,Especial de frango,1,,7,7.0,7,0.0,0,7,0,100.0,1.0,1780,historical_max,programacao_linear,highs-ds,mlp_global,MLP global,22.63083451202263
2026-10-04,2026-10-09,2026-10-10,SEXTA_SABADOS,sexta-feira,SAB_C,Especial,22,Especial de calabresa,1,,2,2.0,2,0.0,0,2,0,100.0,1.0,1780,historical_max,programacao_linear,highs-ds,mlp_global,MLP global,6.9306930693069315
2026-10-04,2026-10-09,2026-10-10,SEXTA_SABADOS,sexta-feira,SAB_C,Especial,23,Especial de pizza,1,,2,2.0,2,0.0,0,2,0,100.0,1.0,1780,historical_max,programacao_linear,highs-ds,mlp_global,MLP global,6.082036775106082
2026-10-04,2026-10-09,2026-10-10,SEXTA_SABADOS,sexta-feira,SAB_C,Especial,24,Especial de portuguesa,1,,3,3.0,3,0.0,0,3,0,100.0,1.0,1780,historical_max,programacao_linear,highs-ds,mlp_global,MLP global,7.213578500707214
2026-10-04,2026-10-09,2026-10-10,SEXTA_SABADOS,sexta-feira,SAB_E,Comum,1,Carne,1,,83,83.0,83,0.0,0,83,0,100.0,1.0,1780,historical_max,programacao_linear,highs-ds,mlp_global,MLP global,10.80446688953695
2026-10-04,2026-10-09,2026-10-10,SEXTA_SABADOS,sexta-feira,SAB_E,Comum,2,Carne com queijo,1,,146,146.0,146,0.0,0,146,0,100.0,1.0,1780,historical_max,programacao_linear,highs-ds,mlp_global,MLP global,18.94160324347393
2026-10-04,2026-10-09,2026-10-10,SEXTA_SABADOS,sexta-feira,SAB_E,Comum,3,Carne com ovo,1,,20,20.0,20,0.0,0,20,0,100.0,1.0,1780,historical_max,programacao_linear,highs-ds,mlp_global,MLP global,2.6317661284586387
2026-10-04,2026-10-09,2026-10-10,SEXTA_SABADOS,sexta-feira,SAB_E,Comum,4,Carne seca,1,,41,41.0,41,0.0,0,41,0,100.0,1.0,1780,historical_max,programacao_linear,highs-ds,mlp_global,MLP global,5.391564122626076
2026-10-04,2026-10-09,2026-10-10,SEXTA_SABADOS,sexta-feira,SAB_E,Comum,5,Frango,0,Produto Frango não é comercializado nesta feira.,0,0.0,0,0.0,0,0,0,0.0,1.0,1780,historical_max,programacao_linear,highs-ds,mlp_global,MLP global,0.0
2026-10-04,2026-10-09,2026-10-10,SEXTA_SABADOS,sexta-feira,SAB_E,Comum,6,Frango catupiri,1,,172,172.0,172,0.0,0,172,0,100.0,1.0,1780,historical_max,programacao_linear,highs-ds,mlp_global,MLP global,22.40557649903976
2026-10-04,2026-10-09,2026-10-10,SEXTA_SABADOS,sexta-feira,SAB_E,Comum,7,Queijo,1,,59,59.0,59,0.0,0,59,0,100.0,1.0,1780,historical_max,programacao_linear,highs-ds,mlp_global,MLP global,7.639234653958319
2026-10-04,2026-10-09,2026-10-10,SEXTA_SABADOS,sexta-feira,SAB_E,Comum,8,Pizza,1,,48,48.0,48,0.0,0,48,0,100.0,1.0,1780,historical_max,programacao_linear,highs-ds,mlp_global,MLP global,6.188206842591934
2026-10-04,2026-10-09,2026-10-10,SEXTA_SABADOS,sexta-feira,SAB_E,Comum,9,Bauru,1,,19,19.0,19,0.0,0,19,0,100.0,1.0,1780,historical_max,programacao_linear,highs-ds,mlp_global,MLP global,2.52507290703464
2026-10-04,2026-10-09,2026-10-10,SEXTA_SABADOS,sexta-feira,SAB_E,Comum,10,4 queijos,1,,19,19.0,19,0.0,0,19,0,100.0,1.0,1780,historical_max,programacao_linear,highs-ds,mlp_global,MLP global,2.532185788462906
2026-10-04,2026-10-09,2026-10-10,SEXTA_SABADOS,sexta-feira,SAB_E,Comum,11,Calabresa com queijo,1,,22,22.0,22,0.0,0,22,0,100.0,1.0,1780,historical_max,programacao_linear,highs-ds,mlp_global,MLP global,2.8024752827370367
2026-10-04,2026-10-09,2026-10-10,SEXTA_SABADOS,sexta-feira,SAB_E,Comum,12,Calabresa com catupiri,1,,12,12.0,12,0.0,0,12,0,100.0,1.0,1780,historical_max,programacao_linear,highs-ds,mlp_global,MLP global,1.5719467956469164
2026-10-04,2026-10-09,2026-10-10,SEXTA_SABADOS,sexta-feira,SAB_E,Comum,13,Salame,1,,10,10.0,10,0.0,0,10,0,100.0,1.0,1780,historical_max,programacao_linear,highs-ds,mlp_global,MLP global,1.2376413685183867
2026-10-04,2026-10-09,2026-10-10,SEXTA_SABADOS,sexta-feira,SAB_E,Comum,14,Escarola com bacon,1,,10,10.0,10,0.0,0,10,0,100.0,1.0,1780,historical_max,programacao_linear,highs-ds,mlp_global,MLP global,1.2376413685183867
2026-10-04,2026-10-09,2026-10-10,SEXTA_SABADOS,sexta-feira,SAB_E,Comum,15,Escarola sem bacon,0,Produto Escarola sem bacon não é comercializado nesta feira.,0,0.0,0,0.0,0,0,0,0.0,1.0,1780,historical_max,programacao_linear,highs-ds,mlp_global,MLP global,0.0
2026-10-04,2026-10-09,2026-10-10,SEXTA_SABADOS,sexta-feira,SAB_E,Comum,16,Caipira,1,,21,21.0,21,0.0,0,21,0,100.0,1.0,1780,historical_max,programacao_linear,highs-ds,mlp_global,MLP global,2.79536240130877
2026-10-04,2026-10-09,2026-10-10,SEXTA_SABADOS,sexta-feira,SAB_E,Comum,17,Palmito,1,,17,17.0,17,0.0,0,17,0,100.0,1.0,1780,historical_max,programacao_linear,highs-ds,mlp_global,MLP global,2.21210612419091
2026-10-04,2026-10-09,2026-10-10,SEXTA_SABADOS,sexta-feira,SAB_E,Comum,18,Camarão,1,,49,49.0,49,0.0,0,49,0,100.0,1.0,1780,historical_max,programacao_linear,highs-ds,mlp_global,MLP global,6.408706166868199
2026-10-04,2026-10-09,2026-10-10,SEXTA_SABADOS,sexta-feira,SAB_E,Comum,19,Portuguesa,1,,21,21.0,21,0.0,0,21,0,100.0,1.0,1780,historical_max,programacao_linear,highs-ds,mlp_global,MLP global,2.6744434170282383
2026-10-04,2026-10-09,2026-10-10,SEXTA_SABADOS,sexta-feira,SAB_E,Doce,25,Chocolate,1,,9,9.0,9,0.0,0,9,0,100.0,1.0,1780,historical_max,programacao_linear,highs-ds,mlp_global,MLP global,78.78787878787878
2026-10-04,2026-10-09,2026-10-10,SEXTA_SABADOS,sexta-feira,SAB_E,Doce,26,Banana com chocolate,1,,2,2.0,2,0.0,0,2,0,100.0,1.0,1780,historical_max,programacao_linear,highs-ds,mlp_global,MLP global,13.41991341991342
2026-10-04,2026-10-09,2026-10-10,SEXTA_SABADOS,sexta-feira,SAB_E,Doce,27,Banana com doce de leite,1,,1,1.0,1,0.0,0,1,0,100.0,1.0,1780,historical_max,programacao_linear,highs-ds,mlp_global,MLP global,7.792207792207792
2026-10-04,2026-10-09,2026-10-10,SEXTA_SABADOS,sexta-feira,SAB_E,Especial,20,Especial de carne,1,,19,19.0,19,0.0,0,19,0,100.0,1.0,1780,historical_max,programacao_linear,highs-ds,mlp_global,MLP global,57.122302158273385
2026-10-04,2026-10-09,2026-10-10,SEXTA_SABADOS,sexta-feira,SAB_E,Especial,21,Especial de frango,1,,7,7.0,7,0.0,0,7,0,100.0,1.0,1780,historical_max,programacao_linear,highs-ds,mlp_global,MLP global,21.8705035971223
2026-10-04,2026-10-09,2026-10-10,SEXTA_SABADOS,sexta-feira,SAB_E,Especial,22,Especial de calabresa,1,,3,3.0,3,0.0,0,3,0,100.0,1.0,1780,historical_max,programacao_linear,highs-ds,mlp_global,MLP global,7.625899280575539
2026-10-04,2026-10-09,2026-10-10,SEXTA_SABADOS,sexta-feira,SAB_E,Especial,23,Especial de pizza,1,,2,2.0,2,0.0,0,2,0,100.0,1.0,1780,historical_max,programacao_linear,highs-ds,mlp_global,MLP global,5.899280575539569
2026-10-04,2026-10-09,2026-10-10,SEXTA_SABADOS,sexta-feira,SAB_E,Especial,24,Especial de portuguesa,1,,2,2.0,2,0.0,0,2,0,100.0,1.0,1780,historical_max,programacao_linear,highs-ds,mlp_global,MLP global,7.482014388489208
2026-10-04,2026-10-10,2026-10-11,SABADO_DOMINGOS,sábado,DOM_C,Comum,1,Carne,1,,129,125.46849173553717,125,0.46849173553717094,0,125,4,96.89922480620154,0.9726239669421488,1883,historical_max,programacao_linear,highs-ds,mlp_global,MLP global,12.552232241038046
2026-10-04,2026-10-10,2026-10-11,SABADO_DOMINGOS,sábado,DOM_C,Comum,2,Carne com queijo,1,,189,183.82592975206612,183,0.8259297520661164,1,184,5,97.35449735449735,0.9726239669421488,1883,historical_max,programacao_linear,highs-ds,mlp_global,MLP global,18.4077413679349
2026-10-04,2026-10-10,2026-10-11,SABADO_DOMINGOS,sábado,DOM_C,Comum,3,Carne com ovo,1,,35,34.04183884297521,34,0.0418388429752099,0,34,1,97.14285714285714,0.9726239669421488,1883,historical_max,programacao_linear,highs-ds,mlp_global,MLP global,3.447327908511106
2026-10-04,2026-10-10,2026-10-11,SABADO_DOMINGOS,sábado,DOM_C,Comum,4,Carne seca,1,,62,60.30268595041323,60,0.30268595041322754,0,60,2,96.7741935483871,0.9726239669421488,1883,historical_max,programacao_linear,highs-ds,mlp_global,MLP global,6.014954915328788
2026-10-04,2026-10-10,2026-10-11,SABADO_DOMINGOS,sábado,DOM_C,Comum,5,Frango,1,,7,6.8083677685950414,6,0.8083677685950414,1,7,0,100.0,0.9726239669421488,1883,historical_max,programacao_linear,highs-ds,mlp_global,MLP global,0.6817681988124038
2026-10-04,2026-10-10,2026-10-11,SABADO_DOMINGOS,sábado,DOM_C,Comum,6,Frango catupiri,1,,230,223.70351239669424,223,0.7035123966942365,1,224,6,97.3913043478261,0.9726239669421488,1883,historical_max,programacao_linear,highs-ds,mlp_global,MLP global,22.44886738508907
2026-10-04,2026-10-10,2026-10-11,SABADO_DOMINGOS,sábado,DOM_C,Comum,7,Queijo,1,,79,76.83729338842976,76,0.8372933884297566,1,77,2,97.46835443037975,0.9726239669421488,1883,historical_max,programacao_linear,highs-ds,mlp_global,MLP global,7.6973828898174625
2026-10-04,2026-10-10,2026-10-11,SABADO_DOMINGOS,sábado,DOM_C,Comum,8,Pizza,1,,63,61.27530991735537,61,0.27530991735537214,0,61,2,96.82539682539682,0.9726239669421488,1883,historical_max,programacao_linear,highs-ds,mlp_global,MLP global,6.163404442489553
2026-10-04,2026-10-10,2026-10-11,SABADO_DOMINGOS,sábado,DOM_C,Comum,9,Bauru,1,,20,19.452479338842977,19,0.4524793388429771,0,19,1,95.0,0.9726239669421488,1883,historical_max,programacao_linear,highs-ds,mlp_global,MLP global,2.00131955135254
2026-10-04,2026-10-10,2026-10-11,SABADO_DOMINGOS,sábado,DOM_C,Comum,10,4 queijos,1,,20,19.452479338842977,19,0.4524793388429771,0,19,1,95.0,0.9726239669421488,1883,historical_max,programacao_linear,highs-ds,mlp_global,MLP global,1.9573345062678689
2026-10-04,2026-10-10,2026-10-11,SABADO_DOMINGOS,sábado,DOM_C,Comum,11,Calabresa com queijo,1,,29,28.206095041322314,28,0.20609504132231393,0,28,1,96.55172413793103,0.9726239669421488,1883,historical_max,programacao_linear,highs-ds,mlp_global,MLP global,2.782054101605454
2026-10-04,2026-10-10,2026-10-11,SABADO_DOMINGOS,sábado,DOM_C,Comum,12,Calabresa com catupiri,1,,15,14.589359504132233,14,0.5893595041322328,1,15,0,100.0,0.9726239669421488,1883,historical_max,programacao_linear,highs-ds,mlp_global,MLP global,1.4240158346162304
2026-10-04,2026-10-10,2026-10-11,SABADO_DOMINGOS,sábado,DOM_C,Comum,13,Salame,1,,10,9.726239669421489,9,0.7262396694214885,1,10,0,100.0,0.9726239669421488,1883,historical_max,programacao_linear,highs-ds,mlp_global,MLP global,0.9401803386848472
2026-10-04,2026-10-10,2026-10-11,SABADO_DOMINGOS,sábado,DOM_C,Comum,14,Escarola com bacon,1,,10,9.726239669421489,9,0.7262396694214885,1,10,0,100.0,0.9726239669421488,1883,historical_max,programacao_linear,highs-ds,mlp_global,MLP global,0.9786672531339344
2026-10-04,2026-10-10,2026-10-11,SABADO_DOMINGOS,sábado,DOM_C,Comum,15,Escarola sem bacon,1,,4,3.8904958677685952,3,0.8904958677685952,1,4,0,100.0,0.9726239669421488,1883,historical_max,programacao_linear,highs-ds,mlp_global,MLP global,0.3793710138552892
2026-10-04,2026-10-10,2026-10-11,SABADO_DOMINGOS,sábado,DOM_C,Comum,16,Caipira,1,,25,24.31559917355372,24,0.31559917355372136,0,24,1,96.0,0.9726239669421488,1883,historical_max,programacao_linear,highs-ds,mlp_global,MLP global,2.468660655377172
2026-10-04,2026-10-10,2026-10-11,SABADO_DOMINGOS,sábado,DOM_C,Comum,17,Palmito,1,,13,12.644111570247935,12,0.6441115702479348,1,13,0,100.0,0.9726239669421488,1883,historical_max,programacao_linear,highs-ds,mlp_global,MLP global,1.2865625687266329
2026-10-04,2026-10-10,2026-10-11,SABADO_DOMINGOS,sábado,DOM_C,Comum,18,Camarão,1,,59,57.38481404958678,57,0.38481404958677956,0,57,2,96.61016949152543,0.9726239669421488,1883,historical_max,programacao_linear,highs-ds,mlp_global,MLP global,5.778535297998681
2026-10-04,2026-10-10,2026-10-11,SABADO_DOMINGOS,sábado,DOM_C,Comum,19,Portuguesa,1,,27,26.260847107438018,26,0.26084710743801764,0,26,1,96.29629629629629,0.9726239669421488,1883,historical_max,programacao_linear,highs-ds,mlp_global,MLP global,2.5896195293600175
2026-10-04,2026-10-10,2026-10-11,SABADO_DOMINGOS,sábado,DOM_C,Doce,25,Chocolate,1,,46,44.74070247933884,44,0.740702479338843,1,45,1,97.82608695652173,0.9726239669421488,1883,historical_max,programacao_linear,highs-ds,mlp_global,MLP global,72.28915662650603
2026-10-04,2026-10-10,2026-10-11,SABADO_DOMINGOS,sábado,DOM_C,Doce,26,Banana com chocolate,1,,11,10.698863636363637,10,0.6988636363636367,1,11,0,100.0,0.9726239669421488,1883,historical_max,programacao_linear,highs-ds,mlp_global,MLP global,16.867469879518072
2026-10-04,2026-10-10,2026-10-11,SABADO_DOMINGOS,sábado,DOM_C,Doce,27,Banana com doce de leite,1,,7,6.8083677685950414,6,0.8083677685950414,1,7,0,100.0,0.9726239669421488,1883,historical_max,programacao_linear,highs-ds,mlp_global,MLP global,10.843373493975903
2026-10-04,2026-10-10,2026-10-11,SABADO_DOMINGOS,sábado,DOM_C,Especial,20,Especial de carne,1,,66,64.19318181818183,64,0.19318181818182723,0,64,2,96.96969696969697,0.9726239669421488,1883,historical_max,programacao_linear,highs-ds,mlp_global,MLP global,54.79323308270677
2026-10-04,2026-10-10,2026-10-11,SABADO_DOMINGOS,sábado,DOM_C,Especial,21,Especial de frango,1,,35,34.04183884297521,34,0.0418388429752099,0,34,1,97.14285714285714,0.9726239669421488,1883,historical_max,programacao_linear,highs-ds,mlp_global,MLP global,29.229323308270676
2026-10-04,2026-10-10,2026-10-11,SABADO_DOMINGOS,sábado,DOM_C,Especial,22,Especial de calabresa,1,,7,6.8083677685950414,6,0.8083677685950414,1,7,0,100.0,0.9726239669421488,1883,historical_max,programacao_linear,highs-ds,mlp_global,MLP global,5.263157894736842
2026-10-04,2026-10-10,2026-10-11,SABADO_DOMINGOS,sábado,DOM_C,Especial,23,Especial de pizza,1,,6,5.835743801652892,5,0.8357438016528924,1,6,0,100.0,0.9726239669421488,1883,historical_max,programacao_linear,highs-ds,mlp_global,MLP global,5.263157894736842
2026-10-04,2026-10-10,2026-10-11,SABADO_DOMINGOS,sábado,DOM_C,Especial,24,Especial de portuguesa,1,,7,6.8083677685950414,6,0.8083677685950414,1,7,0,100.0,0.9726239669421488,1883,historical_max,programacao_linear,highs-ds,mlp_global,MLP global,5.451127819548872
2026-10-04,2026-10-10,2026-10-11,SABADO_DOMINGOS,sábado,DOM_E,Comum,1,Carne,1,,72,70.02892561983471,70,0.028925619834708982,0,70,2,97.22222222222221,0.9726239669421488,1883,historical_max,programacao_linear,highs-ds,mlp_global,MLP global,10.48524531348103
2026-10-04,2026-10-10,2026-10-11,SABADO_DOMINGOS,sábado,DOM_E,Comum,2,Carne com queijo,1,,113,109.90650826446281,109,0.9065082644628149,1,110,3,97.34513274336283,0.9726239669421488,1883,historical_max,programacao_linear,highs-ds,mlp_global,MLP global,16.431966992555385
2026-10-04,2026-10-10,2026-10-11,SABADO_DOMINGOS,sábado,DOM_E,Comum,3,Carne com ovo,1,,23,22.37035123966942,22,0.3703512396694215,0,22,1,95.65217391304348,0.9726239669421488,1883,historical_max,programacao_linear,highs-ds,mlp_global,MLP global,3.3904386043591352
2026-10-04,2026-10-10,2026-10-11,SABADO_DOMINGOS,sábado,DOM_E,Comum,4,Carne seca,1,,37,35.987086776859506,35,0.9870867768595062,1,36,1,97.2972972972973,0.9726239669421488,1883,historical_max,programacao_linear,highs-ds,mlp_global,MLP global,5.426495649834066
2026-10-04,2026-10-10,2026-10-11,SABADO_DOMINGOS,sábado,DOM_E,Comum,5,Frango,0,Produto Frango não é comercializado nesta feira.,0,0.0,0,0.0,0,0,0,0.0,0.9726239669421488,1883,historical_max,programacao_linear,highs-ds,mlp_global,MLP global,0.0
2026-10-04,2026-10-10,2026-10-11,SABADO_DOMINGOS,sábado,DOM_E,Comum,6,Frango catupiri,1,,141,137.13997933884298,137,0.13997933884297709,0,137,4,97.16312056737588,0.9726239669421488,1883,historical_max,programacao_linear,highs-ds,mlp_global,MLP global,20.47717284061351
2026-10-04,2026-10-10,2026-10-11,SABADO_DOMINGOS,sábado,DOM_E,Comum,7,Queijo,1,,50,48.63119834710744,48,0.6311983471074427,1,49,1,98.0,0.9726239669421488,1883,historical_max,programacao_linear,highs-ds,mlp_global,MLP global,7.193470266391605
2026-10-04,2026-10-10,2026-10-11,SABADO_DOMINGOS,sábado,DOM_E,Comum,8,Pizza,1,,48,46.68595041322314,46,0.6859504132231393,1,47,1,97.91666666666666,0.9726239669421488,1883,historical_max,programacao_linear,highs-ds,mlp_global,MLP global,6.915418423176966
2026-10-04,2026-10-10,2026-10-11,SABADO_DOMINGOS,sábado,DOM_E,Comum,9,Bauru,1,,18,17.507231404958677,17,0.5072314049586772,0,17,1,94.44444444444444,0.9726239669421488,1883,historical_max,programacao_linear,highs-ds,mlp_global,MLP global,2.538344246120728
2026-10-04,2026-10-10,2026-10-11,SABADO_DOMINGOS,sábado,DOM_E,Comum,10,4 queijos,1,,18,17.507231404958677,17,0.5072314049586772,0,17,1,94.44444444444444,0.9726239669421488,1883,historical_max,programacao_linear,highs-ds,mlp_global,MLP global,2.592160731904207
2026-10-04,2026-10-10,2026-10-11,SABADO_DOMINGOS,sábado,DOM_E,Comum,11,Calabresa com queijo,1,,24,23.34297520661157,23,0.34297520661156966,0,23,1,95.83333333333334,0.9726239669421488,1883,historical_max,programacao_linear,highs-ds,mlp_global,MLP global,3.4352856758453676
2026-10-04,2026-10-10,2026-10-11,SABADO_DOMINGOS,sábado,DOM_E,Comum,12,Calabresa com catupiri,1,,17,16.53460743801653,16,0.5346074380165291,1,17,0,100.0,0.9726239669421488,1883,historical_max,programacao_linear,highs-ds,mlp_global,MLP global,2.538344246120728
2026-10-04,2026-10-10,2026-10-11,SABADO_DOMINGOS,sábado,DOM_E,Comum,13,Salame,1,,9,8.753615702479339,8,0.7536157024793386,1,9,0,100.0,0.9726239669421488,1883,historical_max,programacao_linear,highs-ds,mlp_global,MLP global,1.3454121445869585
2026-10-04,2026-10-10,2026-10-11,SABADO_DOMINGOS,sábado,DOM_E,Comum,14,Escarola com bacon,1,,9,8.753615702479339,8,0.7536157024793386,1,9,0,100.0,0.9726239669421488,1883,historical_max,programacao_linear,highs-ds,mlp_global,MLP global,1.29159565880348
2026-10-04,2026-10-10,2026-10-11,SABADO_DOMINGOS,sábado,DOM_E,Comum,15,Escarola sem bacon,0,Produto Escarola sem bacon não é comercializado nesta feira.,0,0.0,0,0.0,0,0,0,0.0,0.9726239669421488,1883,historical_max,programacao_linear,highs-ds,mlp_global,MLP global,0.0
2026-10-04,2026-10-10,2026-10-11,SABADO_DOMINGOS,sábado,DOM_E,Comum,16,Caipira,1,,27,26.260847107438018,26,0.26084710743801764,0,26,1,96.29629629629629,0.9726239669421488,1883,historical_max,programacao_linear,highs-ds,mlp_global,MLP global,3.9465422907884116
2026-10-04,2026-10-10,2026-10-11,SABADO_DOMINGOS,sábado,DOM_E,Comum,17,Palmito,1,,12,11.671487603305785,11,0.6714876033057848,1,12,0,100.0,0.9726239669421488,1883,historical_max,programacao_linear,highs-ds,mlp_global,MLP global,1.7131581307740604
2026-10-04,2026-10-10,2026-10-11,SABADO_DOMINGOS,sábado,DOM_E,Comum,18,Camarão,1,,43,41.8228305785124,41,0.8228305785124022,1,42,1,97.67441860465115,0.9726239669421488,1883,historical_max,programacao_linear,highs-ds,mlp_global,MLP global,6.2875594223697195
2026-10-04,2026-10-10,2026-10-11,SABADO_DOMINGOS,sábado,DOM_E,Comum,19,Portuguesa,1,,27,26.260847107438018,26,0.26084710743801764,0,26,1,96.29629629629629,0.9726239669421488,1883,historical_max,programacao_linear,highs-ds,mlp_global,MLP global,3.9913893622746435
2026-10-04,2026-10-10,2026-10-11,SABADO_DOMINGOS,sábado,DOM_E,Doce,25,Chocolate,1,,5,4.863119834710744,4,0.8631198347107443,1,5,0,100.0,0.9726239669421488,1883,historical_max,programacao_linear,highs-ds,mlp_global,MLP global,87.82051282051282
2026-10-04,2026-10-10,2026-10-11,SABADO_DOMINGOS,sábado,DOM_E,Doce,26,Banana com chocolate,1,,1,0.9726239669421488,0,0.9726239669421488,1,1,0,100.0,0.9726239669421488,1883,historical_max,programacao_linear,highs-ds,mlp_global,MLP global,7.051282051282051
2026-10-04,2026-10-10,2026-10-11,SABADO_DOMINGOS,sábado,DOM_E,Doce,27,Banana com doce de leite,1,,0,0.0,0,0.0,0,0,0,0.0,0.9726239669421488,1883,historical_max,programacao_linear,highs-ds,mlp_global,MLP global,5.128205128205128
2026-10-04,2026-10-10,2026-10-11,SABADO_DOMINGOS,sábado,DOM_E,Especial,20,Especial de carne,1,,17,16.53460743801653,16,0.5346074380165291,0,16,1,94.11764705882352,0.9726239669421488,1883,historical_max,programacao_linear,highs-ds,mlp_global,MLP global,54.68531468531469
2026-10-04,2026-10-10,2026-10-11,SABADO_DOMINGOS,sábado,DOM_E,Especial,21,Especial de frango,1,,7,6.8083677685950414,6,0.8083677685950414,1,7,0,100.0,0.9726239669421488,1883,historical_max,programacao_linear,highs-ds,mlp_global,MLP global,23.496503496503497
2026-10-04,2026-10-10,2026-10-11,SABADO_DOMINGOS,sábado,DOM_E,Especial,22,Especial de calabresa,1,,2,1.9452479338842976,1,0.9452479338842976,1,2,0,100.0,0.9726239669421488,1883,historical_max,programacao_linear,highs-ds,mlp_global,MLP global,6.293706293706294
2026-10-04,2026-10-10,2026-10-11,SABADO_DOMINGOS,sábado,DOM_E,Especial,23,Especial de pizza,1,,2,1.9452479338842976,1,0.9452479338842976,1,2,0,100.0,0.9726239669421488,1883,historical_max,programacao_linear,highs-ds,mlp_global,MLP global,5.734265734265734
2026-10-04,2026-10-10,2026-10-11,SABADO_DOMINGOS,sábado,DOM_E,Especial,24,Especial de portuguesa,1,,3,2.917871900826446,2,0.9178719008264462,1,3,0,100.0,0.9726239669421488,1883,historical_max,programacao_linear,highs-ds,mlp_global,MLP global,9.79020979020979
